id,intervention,intervention_subtype,dv1_pre_sum_score,dv1_post_sum_score,dv1_followup_sum_score,dv2_pre_sum_score,dv2_post_sum_score,dv2_followup_sum_score,dv3_pre_sum_score,dv3_post_sum_score,dv3_followup_sum_score,dv1_pre_1,dv1_pre_2,dv1_pre_3,dv1_pre_4,dv1_pre_5,dv1_pre_6,dv1_pre_7,dv1_pre_8,dv1_pre_9,dv1_pre_10,dv1_pre_11,dv1_pre_12,dv1_post_1,dv1_post_2,dv1_post_3,dv1_post_4,dv1_post_5,dv1_post_6,dv1_post_7,dv1_post_8,dv1_post_9,dv1_post_10,dv1_post_11,dv1_post_12,dv1_followup_1,dv1_followup_2,dv1_followup_3,dv1_followup_4,dv1_followup_5,dv1_followup_6,dv1_followup_7,dv1_followup_8,dv1_followup_9,dv1_followup_10,dv1_followup_11,dv1_followup_12,dv2_pre_1,dv2_pre_2,dv2_pre_3,dv2_pre_4,dv2_pre_5,dv2_pre_6,dv2_pre_7,dv2_pre_8,dv2_pre_9,dv2_pre_10,dv2_pre_11,dv2_pre_12,dv2_post_1,dv2_post_2,dv2_post_3,dv2_post_4,dv2_post_5,dv2_post_6,dv2_post_7,dv2_post_8,dv2_post_9,dv2_post_10,dv2_post_11,dv2_post_12,dv2_followup_1,dv2_followup_2,dv2_followup_3,dv2_followup_4,dv2_followup_5,dv2_followup_6,dv2_followup_7,dv2_followup_8,dv2_followup_9,dv2_followup_10,dv2_followup_11,dv2_followup_12,dv3_followup_1,dv3_pre_1,dv3_pre_2,dv3_pre_3,dv3_pre_4,dv3_pre_5,dv3_pre_6,dv3_pre_7,dv3_pre_8,dv3_pre_9,dv3_pre_10,dv3_pre_11,dv3_pre_12,dv3_post_1,dv3_post_2,dv3_post_3,dv3_post_4,dv3_post_5,dv3_post_6,dv3_post_7,dv3_post_8,dv3_post_9,dv3_post_10,dv3_post_11,dv3_post_12,dv3_followup_2,dv3_followup_3,dv3_followup_4,dv3_followup_5,dv3_followup_6,dv3_followup_7,dv3_followup_8,dv3_followup_9,dv3_followup_10,dv3_followup_11,dv3_followup_12
1,Standard,,77,62,66,37,38,63,37,37,63,7,6,7,7,7,6,7,6,7,4,7,6,6,6,6,6,6,6,1,4,4,6,7,4,6,6,7,7,7,4,1,6,6,5,6,5,3,3,4,2,2,4,2,2,4,4,3,4,3,3,4,2,2,4,2,3,4,4,3,4,5,4,4,7,6,4,6,6,4,6,7,4,5,3,3,4,2,2,4,2,2,4,4,3,4,3,3,4,2,2,4,2,3,4,3,3,4,4,4,7,6,4,6,6,4,6,7,4
2,Standard,,71,81.81818182,67,45.81818182,43,50,42.54545455,45,48,5,6,7,6,6,6,5,5,6,6,7,6,7,7,7,6,7,7,NA,7,7,7,7,6,4,7,6,5,6,6,5,5,5,6,6,6,6,3,4,6,3,3,4,4,4,NA,1,4,4,3,3,4,3,3,3,4,3,5,5,3,4,4,3,3,3,3,5,5,5,5,5,5,4,4,3,5,4,3,5,2,4,4,NA,1,4,4,3,3,4,3,5,3,3,4,5,5,3,3,5,3,5,5,3,4,4,4,4,4
3,Standard,Enhancement 2,67,77,76,59,62.18181818,44,59,62.18181818,45,6,6,7,6,7,6,6,2,6,2,7,6,6,7,6,6,6,7,5,6,7,7,7,7,4,7,6,7,7,7,4,6,7,7,7,7,6,3,6,3,5,6,4,6,5,6,5,4,6,3,6,3,6,6,4,6,6,NA,6,5,3,4,6,5,1,6,4,2,5,2,3,3,3,6,3,6,3,5,6,4,6,5,6,5,4,6,3,6,3,6,6,4,NA,6,6,6,5,4,6,5,2,6,4,2,5,2,3,3
4,Standard,Enhancement 2,70,59,NA,37,49.09090909,NA,44,40.36363636,NA,6,4,7,6,6,6,6,7,7,3,6,6,3,4,6,5,7,6,3,5,6,1,6,7,NA,NA,NA,NA,NA,NA,NA,NA,NA,NA,NA,NA,3,4,3,4,6,4,3,1,3,2,2,2,4,3,5,5,NA,6,4,3,5,2,5,3,NA,NA,NA,NA,NA,NA,NA,NA,NA,NA,NA,NA,NA,3,2,6,3,4,4,4,2,5,3,4,4,2,2,NA,5,6,6,2,2,6,2,2,2,NA,NA,NA,NA,NA,NA,NA,NA,NA,NA,NA
5,Standard,Enhancement 2,79,74,70,51,57.81818182,45,54,54.66666667,41,7,6,7,6,7,6,7,7,7,6,7,6,4,7,7,7,7,7,4,5,6,6,7,7,5,5,7,4,7,7,3,6,6,6,7,7,5,6,4,4,6,4,4,4,3,3,4,4,6,6,4,4,NA,5,4,5,5,5,4,5,3,4,4,3,3,5,4,4,4,3,4,4,2,6,6,4,4,6,4,4,4,4,4,4,4,NA,NA,4,4,NA,5,4,5,5,5,4,5,3,4,3,3,5,4,4,4,3,3,3
6,Standard,Enhancement 1,72,75,74,47,43,55,44,42,56.72727273,7,4,7,7,7,7,7,7,7,1,4,7,7,7,7,2,7,7,3,7,7,7,7,7,7,7,7,2,7,7,2,7,7,7,7,7,4,2,4,5,6,4,3,1,6,3,4,5,4,3,3,5,2,4,3,3,6,3,4,3,4,5,3,5,6,4,5,6,6,4,3,4,3,4,4,3,5,2,4,3,3,5,3,4,4,4,3,3,5,2,4,3,2,6,2,4,4,5,4,5,6,NA,4,6,6,5,4,4
7,Standard,,65,72,NA,54,55,NA,55,55,NA,5,5,7,2,6,6,7,6,7,2,6,6,7,6,6,6,6,6,5,6,6,6,6,6,NA,NA,NA,NA,NA,NA,NA,NA,NA,NA,NA,NA,6,5,5,3,5,4,5,3,5,6,3,4,5,5,4,3,4,5,5,5,5,6,3,5,NA,NA,NA,NA,NA,NA,NA,NA,NA,NA,NA,NA,NA,5,5,5,3,5,4,5,5,5,6,3,4,5,5,4,3,4,5,5,5,5,6,3,5,NA,NA,NA,NA,NA,NA,NA,NA,NA,NA,NA
8,New,Enhancement 2,57,63,55,60,63.27272727,45,61.33333333,66,49,4,4,6,4,5,4,7,6,6,2,5,4,6,7,6,3,5,5,4,4,5,6,6,6,4,5,5,4,5,5,3,4,5,5,5,5,NA,4,5,6,6,5,3,4,6,5,6,NA,NA,6,6,4,5,6,3,6,6,5,5,6,1,3,5,6,3,5,5,5,5,2,4,1,1,NA,NA,6,4,6,6,3,4,6,5,6,NA,NA,6,6,4,6,6,3,6,7,6,5,NA,3,7,6,3,7,6,2,7,2,4,1
9,New,Enhancement 1,39,31,41,28,28,57,28,28,57,1,2,7,1,3,1,7,6,3,1,6,1,3,6,3,1,1,1,1,1,6,1,6,1,5,7,6,1,2,3,1,1,5,2,3,5,6,6,2,2,2,2,1,1,2,2,1,1,6,6,2,2,2,2,1,1,2,2,1,1,2,2,2,7,7,1,7,7,1,7,7,7,2,6,6,2,2,2,2,1,1,2,2,1,1,6,6,2,2,2,2,1,1,2,2,1,1,2,2,7,7,1,7,7,1,7,7,7
10,Standard,Enhancement 1,72,64,56,53,56,51,54,56,50,5,5,7,6,6,5,7,6,7,5,7,6,6,6,6,6,6,5,3,5,6,5,5,5,5,5,4,6,5,4,3,4,5,5,5,5,4,4,5,4,3,5,4,4,5,5,5,5,4,5,5,4,5,5,5,5,5,5,5,3,3,4,5,5,4,5,5,3,5,4,4,4,4,4,4,5,4,4,5,4,4,5,5,5,5,4,5,5,4,5,5,5,5,5,5,5,3,3,5,4,4,5,4,4,5,4,4,4
11,New,,79,78,79,61.2,65.45454545,40,60,66,40,5,6,7,7,7,7,7,7,7,5,7,7,4,7,7,7,7,7,4,7,7,7,7,7,4,7,7,7,7,7,5,7,7,7,7,7,6,3,7,3,6,7,5,5,4,NA,5,NA,6,3,7,4,6,7,5,6,5,5,6,NA,2,5,7,4,2,7,1,2,5,1,3,1,2,6,3,7,3,5,6,5,5,4,NA,5,6,6,3,7,4,6,7,5,6,5,NA,6,NA,5,7,4,2,7,1,1,5,1,3,2
12,New,Enhancement 2,75,67,72,62.4,63,40,62.4,63,49,7,7,7,1,7,7,7,7,7,4,7,7,4,5,7,7,7,7,1,7,1,7,7,7,3,7,6,7,7,7,5,7,6,5,7,5,4,5,5,4,NA,5,4,6,7,6,NA,6,4,5,5,NA,NA,7,4,6,7,NA,NA,4,4,3,5,3,1,5,4,2,7,1,1,4,4,4,5,5,4,NA,5,4,6,7,6,NA,6,4,5,5,NA,NA,7,4,6,7,NA,NA,4,4,5,4,1,7,4,4,7,4,1,4
13,New,Enhancement 2,58,55,NA,50,48,NA,45,54,NA,3,5,5,4,5,6,5,5,4,6,6,4,4,5,3,5,3,5,6,4,6,4,5,5,NA,NA,NA,NA,NA,NA,NA,NA,NA,NA,NA,NA,5,5,4,5,4,3,3,4,5,4,5,3,4,5,3,3,5,4,5,4,4,4,4,3,NA,NA,NA,NA,NA,NA,NA,NA,NA,NA,NA,NA,NA,4,3,3,4,3,3,3,5,3,4,5,5,4,5,4,4,6,4,5,5,3,5,5,4,NA,NA,NA,NA,NA,NA,NA,NA,NA,NA,NA
14,Standard,,55,66,65,63.27272727,66,39,62,65,37,5,5,5,4,5,6,2,2,5,5,6,5,4,6,6,6,6,5,5,6,6,5,5,6,1,5,6,5,6,7,5,7,7,4,7,5,4,5,5,3,NA,5,6,6,6,6,6,6,6,5,5,3,6,5,6,6,6,6,6,6,1,1,5,5,1,6,3,3,7,1,5,1,1,3,4,5,3,6,5,6,6,6,6,6,6,6,6,2,3,6,6,6,6,6,6,6,6,1,6,5,1,7,3,3,7,1,1,1
15,Standard,Enhancement 1,76,79,79,62.18181818,66,45,61,66,48,7,7,7,6,6,6,6,6,7,6,6,6,6,7,7,6,7,7,4,7,7,7,7,7,7,6,7,6,7,7,4,7,7,7,7,7,6,6,6,5,NA,6,3,3,6,6,5,5,6,6,6,3,6,6,5,5,6,6,5,6,2,2,6,5,2,6,5,3,6,2,3,3,2,6,6,5,3,5,6,3,5,5,6,5,6,6,6,6,4,6,6,5,5,6,6,5,5,2,6,5,2,6,5,5,6,2,5,2
16,Standard,Enhancement 1,77,79,70,58.90909091,58.90909091,40,57.6,57.81818182,40,6,6,7,7,7,7,7,6,7,3,7,7,6,7,7,6,7,7,5,7,7,6,7,7,6,6,7,5,5,7,4,6,6,6,6,6,NA,6,5,2,4,5,6,5,5,6,4,6,NA,6,5,2,5,5,5,5,5,5,5,6,1,2,5,6,3,6,2,1,5,3,4,2,2,NA,NA,5,2,5,5,5,5,5,5,5,6,NA,6,5,2,5,5,5,5,5,5,5,5,2,5,5,3,5,2,3,5,2,4,2
17,New,Enhancement 1,39,53,NA,35,45.81818182,NA,37.09090909,47,NA,1,3,7,1,5,1,5,5,7,2,1,1,7,6,6,2,6,3,2,2,1,6,7,5,NA,NA,NA,NA,NA,NA,NA,NA,NA,NA,NA,NA,3,4,3,1,5,2,1,2,5,5,2,2,2,2,6,5,3,2,4,5,5,NA,2,6,NA,NA,NA,NA,NA,NA,NA,NA,NA,NA,NA,NA,NA,NA,4,4,1,5,3,2,2,2,3,2,6,3,6,4,2,2,6,2,2,6,6,6,2,NA,NA,NA,NA,NA,NA,NA,NA,NA,NA,NA
18,Standard,Enhancement 2,82,80,76,64,62,40,61,53,42,7,7,7,7,7,7,7,7,7,5,7,7,7,7,7,7,7,7,3,7,7,7,7,7,7,7,7,7,7,7,2,7,7,4,7,7,6,5,6,NA,5,6,4,6,NA,NA,4,6,6,6,6,2,4,6,5,6,4,6,5,6,2,4,4,4,4,6,4,2,4,2,2,2,2,6,6,6,2,4,6,4,6,6,4,5,6,6,6,2,2,3,5,4,6,4,6,4,5,4,4,4,2,6,4,2,4,4,4,2
19,Standard,,73,65,63,46,48,51,42,46,59,7,5,7,5,6,6,7,7,7,2,7,7,1,6,7,6,6,4,4,4,6,7,7,7,4,5,6,4,6,4,2,4,7,7,7,7,4,3,5,2,1,5,4,4,5,5,4,4,4,4,5,1,1,5,4,5,6,5,4,4,2,4,5,7,7,5,5,3,2,3,4,4,6,2,2,5,1,1,5,4,4,5,5,4,4,3,3,5,1,1,6,4,5,5,5,4,4,6,5,7,7,5,5,5,2,3,4,4
20,New,,71,72,61,65,63.27272727,38,63,70,37,6,6,6,6,6,6,6,7,6,4,6,6,6,6,7,6,6,7,4,6,6,6,6,6,4,5,7,4,5,7,4,5,5,4,5,6,6,4,6,4,6,7,4,5,6,6,5,6,NA,5,6,4,6,6,6,5,6,6,6,2,2,2,6,5,2,7,1,3,6,1,1,2,1,6,4,6,4,6,6,4,5,6,6,5,5,6,6,6,4,6,6,6,6,6,6,6,6,2,6,5,2,6,2,2,5,2,2,2
21,Standard,Enhancement 2,74,84,75,58.90909091,67.2,50,57.6,67,47,4,6,5,4,6,7,7,7,7,7,7,7,7,7,7,7,7,7,7,7,7,7,7,7,7,7,6,4,7,7,5,6,7,5,7,7,NA,6,5,3,6,5,6,4,6,4,5,4,NA,NA,6,2,6,6,6,6,6,6,6,6,1,4,6,4,1,6,4,6,6,2,6,4,4,NA,4,6,4,NA,4,5,4,6,4,6,5,6,6,6,2,6,5,6,6,6,6,6,6,3,3,4,3,6,4,4,4,3,4,5
22,New,,78,69,NA,41,36,NA,43,38,NA,5,6,7,7,6,7,7,6,7,7,7,6,5,7,6,4,7,6,5,6,5,4,7,7,NA,NA,NA,NA,NA,NA,NA,NA,NA,NA,NA,NA,5,2,5,3,1,4,1,3,4,4,6,3,3,4,5,1,1,3,1,4,2,4,6,2,NA,NA,NA,NA,NA,NA,NA,NA,NA,NA,NA,NA,NA,5,6,5,3,1,2,1,3,3,4,6,4,4,4,3,1,1,3,2,3,4,4,4,5,NA,NA,NA,NA,NA,NA,NA,NA,NA,NA,NA
23,Standard,,72,78,80,58.66666667,55.63636364,24,56,58,31,7,7,7,7,7,5,7,4,7,4,5,5,7,7,7,7,7,7,1,7,7,7,7,7,7,7,6,7,7,6,5,7,7,7,7,7,6,6,6,6,NA,5,NA,3,2,5,NA,5,3,5,6,5,6,4,6,4,3,4,NA,5,2,2,1,2,1,1,1,5,2,2,3,2,2,6,6,7,6,1,NA,NA,2,4,6,NA,4,3,5,7,5,6,4,6,4,3,4,6,5,2,2,4,2,3,2,4,2,3,2,3
24,Standard,,79,78,77,67.63636364,66,37,67,66,38,7,6,7,6,7,7,7,6,7,6,7,6,6,6,6,7,7,7,5,7,7,6,7,7,6,5,7,6,7,7,4,7,7,7,7,7,NA,6,7,4,6,6,6,6,3,6,6,6,6,6,6,4,6,6,6,6,3,6,5,6,1,3,7,4,1,7,3,2,3,2,2,2,2,6,6,6,4,6,6,6,6,4,6,5,6,6,5,6,5,6,6,6,6,3,6,5,6,3,6,4,2,6,2,3,3,2,3,2
25,New,,42,49,NA,46,51,NA,45,48,NA,4,3,3,3,5,2,4,2,4,4,4,4,5,4,5,4,4,3,4,4,4,4,4,4,NA,NA,NA,NA,NA,NA,NA,NA,NA,NA,NA,NA,3,3,4,4,4,4,3,4,4,4,5,4,5,5,5,4,4,4,4,4,4,4,4,4,NA,NA,NA,NA,NA,NA,NA,NA,NA,NA,NA,NA,NA,3,4,4,4,4,4,4,3,3,4,4,4,4,4,4,4,4,4,4,4,4,4,4,4,NA,NA,NA,NA,NA,NA,NA,NA,NA,NA,NA
26,Standard,Enhancement 1,54,56,55,36,39,59,42,43,53,4,2,7,5,5,3,6,4,6,2,6,4,5,6,5,4,4,4,3,4,6,6,5,4,3,5,5,5,7,3,3,3,6,6,6,3,4,3,3,3,2,4,1,2,4,3,3,4,4,3,4,4,2,4,2,2,4,4,3,3,4,6,4,4,6,4,6,5,4,6,5,5,4,4,4,3,4,3,4,3,2,4,4,3,4,4,5,4,3,2,4,3,3,4,4,3,4,5,4,4,5,4,5,4,4,5,5,4
27,Standard,,84,79,82,42.54545455,39,22,39,41,22,7,7,7,7,7,7,7,7,7,7,7,7,7,6,7,7,7,7,7,4,7,7,6,7,7,7,7,6,7,7,7,7,7,7,6,7,3,6,2,NA,2,6,2,6,6,2,2,2,2,3,2,6,2,2,3,2,6,2,6,3,2,2,1,1,2,2,3,1,2,3,1,2,2,2,1,6,6,2,2,2,2,6,2,6,2,2,6,2,6,2,2,2,2,6,2,3,6,1,2,3,2,1,2,2,1,3,2,1
28,Standard,Enhancement 1,77,73,67,60,57,43,60,55,46,6,6,7,6,6,6,7,7,7,6,7,6,6,6,7,6,6,7,6,6,6,6,6,5,5,5,7,5,6,6,5,6,6,6,6,4,5,5,4,6,6,4,4,5,6,5,6,4,5,5,4,5,3,5,5,4,6,5,6,4,3,4,4,2,2,5,4,4,5,4,2,4,3,5,5,4,6,6,4,4,5,6,5,6,4,5,5,4,5,3,5,4,5,6,4,5,4,4,4,2,5,5,4,3,5,4,3,4
29,Standard,Enhancement 2,61.09090909,45,64,30,46,55,33,35,57,5,3,6,NA,6,6,6,6,6,3,5,4,4,4,4,4,4,4,1,4,4,4,4,4,6,6,6,4,6,4,2,6,6,6,6,6,2,2,2,3,1,3,2,3,4,4,2,2,3,3,4,6,1,2,6,5,6,5,3,2,5,5,3,5,5,4,5,5,4,4,5,5,6,3,2,2,6,1,3,2,3,3,3,3,2,3,4,2,3,1,2,4,4,4,3,2,3,5,3,5,5,4,5,5,4,5,5,5
30,New,Enhancement 1,78,75,81,62,61.09090909,42,63,64.36363636,48,4,7,7,7,7,7,7,7,7,4,7,7,5,7,7,7,7,6,6,6,6,6,6,6,6,7,7,7,7,7,7,7,7,7,7,5,6,6,5,5,6,4,6,5,5,4,6,4,6,5,5,3,NA,5,6,6,6,2,6,6,2,2,4,3,2,4,4,3,4,4,5,5,2,5,6,3,5,6,3,6,6,6,6,6,5,NA,5,5,6,6,5,5,6,6,3,6,6,3,4,4,3,5,4,4,5,5,4,5
31,Standard,Enhancement 2,63,68,63,41,40,57,42,38,59,6,4,6,6,6,5,5,5,6,4,5,5,7,6,6,6,5,6,3,5,6,6,6,6,7,6,6,5,4,6,4,5,5,5,5,5,4,3,4,1,3,5,4,4,3,3,3,4,3,2,4,3,3,4,3,3,3,2,6,4,5,5,5,4,5,5,5,5,4,4,5,5,5,3,4,5,1,3,6,3,4,3,3,3,4,2,2,5,4,3,6,2,3,3,3,2,3,5,6,4,5,6,5,4,4,5,5,5
32,Standard,Enhancement 2,84,84,78,55,62,44,52,67,43,7,7,7,7,7,7,7,7,7,7,7,7,7,7,7,7,7,7,7,7,7,7,7,7,7,7,7,6,6,7,5,6,6,7,7,7,6,4,5,4,5,5,4,4,4,4,5,5,6,6,5,4,6,5,4,6,5,5,5,5,3,3,5,4,3,5,5,3,4,3,3,3,3,6,5,4,4,4,4,4,4,4,4,5,4,6,6,5,4,6,5,6,6,5,6,6,6,3,5,4,3,5,4,3,4,3,3,3
33,Standard,Enhancement 2,70,68,75,38,37,54,38,37,51,7,6,7,6,6,6,6,6,6,2,6,6,6,6,6,6,6,6,2,6,6,6,6,6,6,7,7,7,7,7,1,5,7,7,7,7,2,2,5,2,3,2,6,2,5,5,2,2,2,2,5,2,6,2,2,2,5,5,2,2,6,6,3,7,4,2,5,3,2,2,7,7,6,2,2,5,2,3,2,6,2,5,5,2,2,2,2,5,2,6,2,2,2,5,5,2,2,6,2,7,5,3,4,3,3,2,7,3
34,Standard,,76,80,80,48,47,53,47,47,52,7,7,7,7,7,3,7,7,7,3,7,7,7,7,7,7,7,6,4,7,7,7,7,7,7,7,7,7,7,7,3,7,7,7,7,7,6,4,5,4,3,5,3,3,4,5,3,3,3,4,5,4,3,5,4,4,4,5,3,3,4,4,5,4,5,4,5,5,4,4,5,4,4,6,5,5,4,2,5,3,2,4,5,3,3,3,4,5,4,3,5,4,4,4,5,3,3,4,5,4,5,4,5,4,4,4,5,4
35,New,,58,60,55,27,29.45454545,61,28,28,67,6,6,7,2,7,1,7,7,7,1,6,1,5,7,6,4,7,2,1,2,6,7,7,6,4,6,6,7,7,2,1,3,3,4,7,5,5,3,3,3,1,2,1,2,4,1,1,1,3,5,4,4,1,NA,1,1,4,2,1,1,4,5,3,4,7,2,7,6,4,5,7,7,6,3,5,2,4,1,3,1,1,5,1,1,1,3,3,4,5,1,3,1,1,4,1,1,1,5,4,4,7,4,7,7,4,5,7,7
36,New,Enhancement 2,57,56,68,51,50,45,51,47,50,5,4,7,5,5,3,7,5,5,3,4,4,4,5,5,4,4,4,5,4,5,5,6,5,6,6,7,6,6,3,5,6,6,6,6,5,5,4,3,5,4,4,4,4,5,4,4,5,4,4,4,5,4,5,4,3,5,4,4,4,2,3,5,4,2,5,4,5,4,4,4,3,4,5,4,3,4,4,4,5,4,5,4,5,4,4,4,3,4,4,5,4,3,5,4,3,4,5,5,4,3,4,4,4,4,5,4,4
37,New,Enhancement 1,64.36363636,51,NA,28,34,NA,26.18181818,31.2,NA,4,7,4,5,6,5,4,5,7,7,NA,5,3,6,6,6,6,1,1,4,4,1,7,6,NA,NA,NA,NA,NA,NA,NA,NA,NA,NA,NA,NA,NA,4,NA,4,3,NA,4,1,2,1,1,1,6,4,3,5,6,2,1,1,3,1,1,1,NA,NA,NA,NA,NA,NA,NA,NA,NA,NA,NA,NA,NA,3,NA,2,5,4,2,1,1,3,1,1,1,5,4,NA,5,3,NA,1,1,4,1,1,1,NA,NA,NA,NA,NA,NA,NA,NA,NA,NA,NA
38,Standard,,80,80,NA,54,50,NA,54,50,NA,7,6,7,6,7,7,7,7,7,5,7,7,7,7,7,6,7,7,4,7,7,7,7,7,NA,NA,NA,NA,NA,NA,NA,NA,NA,NA,NA,NA,6,6,6,3,2,6,4,3,2,5,6,5,5,4,6,3,3,6,5,3,2,5,5,3,NA,NA,NA,NA,NA,NA,NA,NA,NA,NA,NA,NA,NA,6,6,6,3,2,6,4,3,2,5,6,5,5,4,6,3,3,6,5,3,2,5,5,3,NA,NA,NA,NA,NA,NA,NA,NA,NA,NA,NA
39,Standard,Enhancement 1,84,80,81,50,55,57.81818182,46,53,52,7,7,7,7,7,7,7,7,7,7,7,7,7,6,7,7,7,7,4,7,7,7,7,7,7,7,7,7,7,7,4,7,7,7,7,7,4,3,6,4,6,6,3,4,5,3,3,3,4,3,6,4,6,6,3,6,6,5,4,2,6,6,5,6,4,5,4,4,NA,4,4,5,6,4,3,6,4,6,3,2,4,5,3,3,3,4,3,6,4,6,6,3,6,6,4,3,2,6,5,5,3,5,4,4,4,4,3,3
40,Standard,Enhancement 1,79,79,79,54,54,45,53,54,45,6,6,7,6,7,6,7,7,7,6,7,7,7,6,7,6,7,7,4,7,7,7,7,7,7,7,7,5,7,7,5,6,7,7,7,7,6,5,5,3,5,6,4,3,4,5,3,5,6,4,5,3,6,5,4,4,4,5,3,5,1,5,7,4,1,6,5,4,4,2,4,2,1,6,5,5,3,5,5,4,3,4,5,3,5,6,4,5,3,6,5,4,4,4,5,3,5,4,6,4,1,6,4,4,5,3,4,3
41,New,Enhancement 2,73,68,59,57,57,51,61,58,47,5,4,7,5,6,6,7,6,7,7,7,6,5,6,6,4,7,7,4,4,6,6,6,7,5,6,6,5,6,6,4,4,5,4,2,6,6,5,6,4,5,5,4,3,5,5,4,5,5,4,6,4,5,6,3,4,6,4,5,5,5,4,6,3,4,6,5,3,5,3,4,3,4,6,6,6,4,5,6,4,4,6,5,4,5,5,5,6,4,5,6,3,4,6,4,5,5,4,6,3,3,6,3,3,5,3,4,3
42,New,,78,75,63,53,57,42,52,60,42,7,5,7,6,6,6,7,7,7,6,7,7,7,7,7,6,6,7,5,6,6,6,6,6,7,7,7,4,3,7,4,4,4,4,6,6,4,5,5,6,4,3,4,5,2,4,5,6,6,3,5,4,4,5,4,5,5,6,4,6,1,2,6,6,2,5,3,3,5,4,3,2,4,4,4,5,5,4,5,4,4,5,3,4,5,5,6,5,4,5,5,5,5,5,5,4,6,4,4,5,3,3,2,2,6,5,2,2
43,New,,84,79,81,58,59,43,55,58,41.45454545,7,7,7,7,7,7,7,7,7,7,7,7,7,7,7,5,7,7,4,7,7,7,7,7,6,7,7,7,7,7,5,7,7,7,7,7,6,5,7,2,6,6,6,4,5,4,3,4,6,6,5,2,6,6,4,5,4,5,4,6,2,2,6,6,2,6,2,2,4,3,4,4,2,6,5,6,2,5,5,5,4,5,4,4,4,6,6,5,2,6,5,5,5,4,5,4,5,2,6,6,2,6,2,2,4,NA,4,2
44,New,Enhancement 1,78,80,77,65,70,37,67,71,37,4,6,7,6,7,7,7,7,7,6,7,7,7,7,7,5,7,7,6,7,7,6,7,7,6,6,6,4,7,7,6,7,7,7,7,7,6,4,5,6,6,5,5,6,5,6,6,5,6,5,6,6,6,6,6,6,6,6,6,5,2,4,6,2,1,6,2,2,6,2,2,2,2,6,5,5,6,5,5,6,6,6,6,6,5,6,6,6,6,6,6,6,6,6,6,6,5,4,6,2,1,6,2,2,6,2,2,2
45,New,,42,58,53,34,37,58,33,40,60,2,4,6,4,4,3,2,1,5,2,4,5,4,6,6,4,6,4,3,4,5,5,5,6,4,4,4,4,4,3,5,5,6,4,5,5,3,3,3,3,2,3,3,2,4,3,3,2,3,4,2,3,2,3,3,2,5,3,3,4,5,5,2,5,6,4,5,7,4,6,3,6,5,2,3,3,3,2,3,2,1,4,3,4,3,3,3,3,3,3,4,3,3,5,3,4,3,6,3,5,6,4,5,6,4,5,6,5
46,Standard,Enhancement 1,75,62,62,50,58,40,55,60,39,3,6,7,7,7,6,7,7,7,5,7,6,1,6,6,6,3,6,4,6,6,6,6,6,2,4,6,5,4,6,5,6,6,6,6,6,5,3,4,2,6,5,3,4,3,6,5,4,5,4,5,2,6,6,5,6,4,6,5,4,2,2,6,5,1,6,3,3,6,2,2,2,2,5,4,5,3,6,5,4,5,3,6,5,4,5,4,5,2,6,6,6,6,4,6,6,4,2,6,6,1,6,2,2,6,2,2,2
47,Standard,Enhancement 1,80,77,78,47,50,55,42,51,57,5,6,7,6,7,7,7,7,7,7,7,7,7,7,7,6,7,7,1,7,7,7,7,7,7,7,7,7,7,7,1,7,7,7,7,7,4,4,6,3,3,5,3,4,3,4,4,4,4,4,6,4,5,6,3,3,4,4,2,5,3,3,6,5,5,6,5,6,5,3,4,4,6,2,2,6,3,3,6,3,3,3,4,3,4,4,4,6,4,5,6,3,4,4,4,2,5,5,6,1,6,6,4,4,6,4,5,4
48,Standard,,72,76,72,44,52,55,38.4,49,58,7,6,7,7,7,3,7,7,7,1,7,6,5,7,7,7,7,5,4,6,7,7,7,7,4,6,6,7,7,6,5,6,6,7,6,6,3,3,5,3,2,5,4,3,3,6,3,4,4,3,5,4,4,5,5,4,5,5,3,5,5,5,6,7,5,5,2,5,3,2,6,4,6,2,3,5,2,3,5,2,3,NA,NA,3,4,4,3,6,4,3,5,5,4,3,5,3,4,5,6,5,5,6,5,5,3,2,5,5
49,New,Enhancement 1,63,73,84,41.45454545,45,72,41.45454545,48,73,6,6,7,6,3,4,7,4,7,1,6,6,5,7,7,5,6,6,4,6,6,7,7,7,7,7,7,7,7,7,7,7,7,7,7,7,2,2,5,5,5,5,1,1,NA,5,3,4,3,3,5,5,6,5,1,2,2,5,4,4,6,6,6,7,6,6,6,6,5,6,6,6,6,2,2,5,5,5,5,1,1,NA,5,3,4,3,3,3,6,3,7,2,6,3,4,4,4,6,6,7,6,6,6,6,6,6,6,6
50,New,Enhancement 1,78,84,82,51.27272727,64.36363636,31,52.36363636,65.45454545,32,7,7,7,7,7,7,7,2,7,6,7,7,7,7,7,7,7,7,7,7,7,7,7,7,7,6,7,7,7,7,6,7,7,7,7,7,NA,6,6,4,5,6,4,2,3,6,1,4,NA,6,7,4,5,6,4,6,5,6,6,4,1,2,6,3,2,6,1,1,3,2,1,3,1,NA,6,7,4,5,6,4,2,3,6,1,4,NA,6,7,4,5,7,5,6,4,6,6,4,2,7,3,1,6,2,1,3,2,1,3
51,Standard,Enhancement 1,80,82,81,59,67,53,64.36363636,67,45,7,6,7,7,7,5,7,7,7,6,7,7,7,7,7,6,7,7,6,7,7,7,7,7,7,7,7,6,7,7,6,6,7,7,7,7,6,2,6,4,6,6,4,5,4,6,4,6,6,6,6,4,6,6,6,6,5,6,4,6,4,7,7,4,2,6,4,4,5,2,5,3,4,6,NA,6,4,6,6,5,5,4,6,5,6,6,6,6,4,6,6,6,6,5,6,4,6,3,6,4,3,3,4,3,5,2,5,3
52,Standard,Enhancement 2,76,60,71,49,36,54,45,48,58,6,5,7,7,7,3,7,7,7,6,7,7,5,5,6,6,5,5,4,6,5,4,5,4,5,7,7,6,7,5,2,4,7,7,7,7,3,5,5,5,3,6,5,3,2,3,5,4,2,4,5,2,3,4,2,3,3,2,NA,3,3,4,5,6,3,2,6,7,4,5,6,3,5,2,5,5,4,3,3,3,4,3,3,6,4,2,4,6,3,3,6,4,5,5,3,2,5,4,5,6,3,3,5,6,4,5,7,5
53,New,Enhancement 2,73,78,78,61.09090909,69.81818182,35,63,67,34,6,6,6,5,7,6,7,6,6,6,6,6,6,7,7,6,6,6,6,6,7,7,7,7,7,7,7,6,7,6,5,6,6,7,7,7,6,5,6,3,6,5,NA,6,4,6,5,4,6,NA,7,6,6,6,6,6,4,6,6,5,2,2,6,3,2,6,1,1,5,2,3,2,2,6,6,6,4,5,5,6,6,3,6,5,5,6,6,6,6,6,4,6,6,4,6,6,5,2,6,3,2,6,1,1,5,1,3,2
54,New,,55,52,NA,27.27272727,28,NA,25.09090909,28,NA,6,4,4,5,5,5,5,5,5,2,4,5,4,4,4,4,5,6,2,6,5,4,4,4,NA,NA,NA,NA,NA,NA,NA,NA,NA,NA,NA,NA,2,2,4,4,2,NA,2,1,5,1,1,1,2,2,5,5,1,2,1,1,5,1,1,2,NA,NA,NA,NA,NA,NA,NA,NA,NA,NA,NA,NA,NA,3,1,4,4,1,NA,1,1,5,1,1,1,2,2,4,6,1,2,1,2,5,1,1,1,NA,NA,NA,NA,NA,NA,NA,NA,NA,NA,NA
55,Standard,,26,22,16,30,31,65,39,36,63,1,2,3,2,3,2,2,4,2,1,2,2,2,2,2,3,2,1,1,1,2,1,3,2,2,2,1,2,2,1,1,1,1,1,1,1,2,2,4,4,3,3,2,1,4,1,2,2,3,3,3,3,3,3,2,1,4,2,2,2,6,6,3,4,6,4,6,7,5,6,6,6,6,4,3,4,3,2,3,5,3,4,2,2,4,3,3,4,3,2,4,4,3,4,2,2,2,6,3,4,6,4,5,6,5,6,6,6
56,New,Enhancement 1,49,43,53,44,46,50,44,44,55,5,5,5,1,5,1,6,3,4,5,5,4,5,2,3,1,1,5,1,2,7,6,7,3,6,4,4,1,2,4,1,4,7,7,7,6,6,1,5,2,4,5,3,3,3,5,4,3,6,2,5,3,4,5,3,3,4,3,4,4,2,3,5,6,5,5,5,6,4,3,3,3,2,6,3,3,2,3,5,3,3,4,4,4,4,4,3,4,4,3,4,3,4,2,4,4,5,5,5,5,5,5,6,5,4,4,3,6
57,Standard,Enhancement 2,77,73,63,54.54545455,55.63636364,34,57.81818182,55.63636364,36,7,5,7,7,7,7,7,7,7,2,7,7,5,7,7,6,6,6,3,6,7,6,7,7,2,6,7,4,6,6,3,4,6,6,6,7,NA,3,5,5,6,5,4,5,4,5,5,3,NA,6,6,4,3,5,4,5,2,5,6,5,1,3,5,2,2,6,4,2,3,2,2,2,1,NA,6,5,4,5,5,4,5,4,5,5,5,NA,6,6,4,3,5,4,4,3,5,6,5,2,6,2,2,6,4,3,4,2,2,2
58,New,Enhancement 1,74,76,73,61,60,49,61,60,51,7,6,7,6,6,6,7,7,7,3,6,6,5,7,7,6,7,7,5,7,7,6,6,6,3,7,7,6,6,7,5,7,7,6,6,6,6,6,6,4,6,6,3,4,5,6,4,5,6,5,6,4,5,6,3,5,5,6,4,5,2,5,6,4,4,6,3,4,6,2,4,3,2,6,6,6,4,6,6,3,4,5,6,4,5,6,5,6,4,5,6,3,5,5,6,4,5,5,6,4,5,6,5,2,5,2,4,5
59,Standard,Enhancement 2,64,62,53.45454545,38,38,56,39,42,59,6,6,5,4,6,5,6,5,6,4,6,5,3,6,5,6,6,5,3,5,5,6,6,6,3,4,5,5,NA,5,3,4,5,5,5,5,3,2,5,2,2,3,4,3,3,4,4,3,3,2,5,2,3,3,3,3,4,4,3,3,3,6,5,6,5,3,4,5,5,4,5,5,5,3,2,5,2,2,3,4,3,4,4,4,3,3,2,5,4,3,4,3,4,4,3,3,4,5,5,6,5,5,4,5,3,5,5,6
60,New,,79,80,65,65.33333333,73.09090909,34,70.8,73.2,35,7,7,7,5,7,7,6,6,7,7,6,7,7,7,6,6,7,7,5,7,7,7,7,7,5,4,7,5,7,5,4,5,6,5,5,7,6,6,6,NA,6,6,NA,6,4,5,NA,4,6,NA,7,6,6,7,6,6,5,6,6,6,2,2,6,2,2,6,2,2,4,2,2,2,2,NA,6,6,NA,6,6,6,6,5,6,6,6,NA,6,7,6,6,7,6,6,5,NA,6,6,2,7,2,2,5,2,2,4,2,3,2
61,Standard,Enhancement 1,47,59,NA,41,43,NA,46,50,NA,1,5,5,4,5,4,4,4,5,3,4,3,6,6,4,6,5,4,5,5,5,5,3,5,NA,NA,NA,NA,NA,NA,NA,NA,NA,NA,NA,NA,3,3,4,3,5,4,2,2,5,5,1,4,5,4,2,4,3,3,2,4,5,5,2,4,NA,NA,NA,NA,NA,NA,NA,NA,NA,NA,NA,NA,NA,5,5,3,3,3,3,5,4,4,4,3,4,5,5,5,3,4,5,5,3,4,4,3,4,NA,NA,NA,NA,NA,NA,NA,NA,NA,NA,NA
62,Standard,,76,81,84,64.8,68.72727273,42,69.81818182,72,39,1,7,7,7,7,7,7,7,7,5,7,7,7,6,7,7,7,7,6,6,7,7,7,7,7,7,7,7,7,7,7,7,7,7,7,7,6,5,5,4,NA,6,4,6,7,NA,5,6,6,5,6,5,NA,6,6,6,7,6,4,6,2,2,7,6,1,6,4,2,6,1,3,2,2,6,5,6,5,6,6,6,6,7,NA,5,6,6,5,6,6,NA,6,NA,6,7,NA,6,NA,2,7,4,1,7,2,2,6,1,3,2
63,Standard,Enhancement 1,74,69,68,54,51,47,53,49,45,6,2,7,7,7,7,7,7,7,3,7,7,6,7,7,7,7,3,2,2,7,7,7,7,7,7,7,7,7,2,2,1,7,7,7,7,5,4,6,3,4,6,4,4,4,6,4,4,5,4,6,3,4,5,4,4,3,5,4,4,4,2,6,4,4,5,4,4,3,3,4,4,2,5,4,6,3,3,6,4,4,4,6,4,4,4,4,6,3,4,5,4,4,3,4,4,4,2,6,4,4,5,4,4,3,3,4,4
64,New,,63,63,58,41,41,53,44,45,55,4,6,6,5,6,5,6,6,6,2,6,5,4,6,7,4,7,5,4,5,6,5,6,4,4,4,6,6,7,4,2,4,6,6,6,3,4,3,3,4,3,3,3,2,4,5,4,3,4,2,4,4,2,4,2,2,4,5,4,4,5,6,3,4,5,3,5,6,3,3,6,4,5,4,3,4,4,3,3,4,2,4,5,4,4,4,3,4,4,3,4,3,3,4,5,4,4,6,3,4,5,3,5,6,3,5,6,4
65,Standard,Enhancement 1,82,84,84,63.6,62,15,63.27272727,63,15,7,7,7,7,7,7,7,7,7,5,7,7,7,7,7,7,7,7,7,7,7,7,7,7,7,7,7,7,7,7,7,7,7,7,7,7,NA,5,2,5,6,NA,6,6,5,6,6,6,6,5,2,6,6,2,6,6,5,6,6,6,1,1,1,4,1,1,1,1,1,1,1,1,1,NA,6,2,6,6,2,6,6,6,6,6,6,6,6,2,6,6,2,6,6,5,6,6,6,1,1,4,1,1,1,1,1,1,1,1
66,New,Enhancement 2,80,67,NA,41,42,NA,40,44,NA,6,5,7,7,7,6,7,7,7,7,7,7,7,7,7,7,7,1,2,1,7,7,7,7,NA,NA,NA,NA,NA,NA,NA,NA,NA,NA,NA,NA,6,2,3,1,3,3,3,2,5,4,5,4,6,2,3,1,3,3,3,3,5,3,5,5,NA,NA,NA,NA,NA,NA,NA,NA,NA,NA,NA,NA,NA,5,3,3,1,3,3,3,2,5,3,5,4,6,4,3,1,3,3,3,3,5,3,5,5,NA,NA,NA,NA,NA,NA,NA,NA,NA,NA,NA
67,New,Enhancement 1,67,65,70,21,26,55,23,24,62,6,5,7,7,7,3,7,6,6,1,6,6,4,6,6,6,6,6,2,5,6,5,6,7,5,7,7,6,7,6,2,6,6,6,6,6,1,1,2,3,2,2,1,1,2,3,1,2,2,2,2,3,2,2,2,3,2,3,1,2,7,7,2,4,7,2,7,7,1,3,1,7,7,1,2,2,3,1,2,2,2,2,3,1,2,2,2,2,2,2,2,2,2,2,3,1,2,7,2,4,7,2,7,7,2,3,7,7
68,Standard,Enhancement 1,66,60,60,58,61,46,55,61,46,5,7,7,5,5,2,7,7,7,2,6,6,3,6,6,6,6,7,2,5,6,1,6,6,4,4,6,6,6,7,3,5,5,4,5,5,6,3,6,3,6,6,6,5,4,5,3,5,6,3,7,3,6,6,5,6,5,5,3,6,2,5,6,4,3,6,2,2,6,2,5,3,3,6,3,6,2,6,5,6,5,4,5,2,5,6,3,7,3,6,6,5,6,5,5,3,6,3,6,5,4,6,2,2,5,2,5,3
69,New,Enhancement 1,67,79,NA,48,68.4,NA,45,61.71428571,NA,7,4,7,6,5,3,7,6,7,3,6,6,7,7,7,6,7,7,6,6,6,7,7,6,NA,NA,NA,NA,NA,NA,NA,NA,NA,NA,NA,NA,5,3,6,2,6,5,3,2,4,5,5,2,NA,6,7,3,NA,6,6,5,6,6,6,6,NA,NA,NA,NA,NA,NA,NA,NA,NA,NA,NA,NA,NA,3,3,4,3,6,4,3,3,3,4,5,4,6,NA,5,3,NA,5,NA,6,5,NA,NA,6,NA,NA,NA,NA,NA,NA,NA,NA,NA,NA,NA
70,Standard,Enhancement 1,83,78,NA,57.81818182,56.4,NA,56,52.8,NA,7,7,7,6,7,7,7,7,7,7,7,7,7,7,7,3,7,7,5,7,7,7,7,7,NA,NA,NA,NA,NA,NA,NA,NA,NA,NA,NA,NA,6,6,6,NA,5,5,3,3,5,6,5,3,NA,6,6,NA,5,5,3,3,7,3,6,3,NA,NA,NA,NA,NA,NA,NA,NA,NA,NA,NA,NA,NA,6,5,5,6,5,5,3,3,6,3,6,3,NA,6,5,NA,5,5,3,3,5,3,6,3,NA,NA,NA,NA,NA,NA,NA,NA,NA,NA,NA
71,New,Enhancement 2,71,66,63,50.18181818,44.72727273,55,55,44.72727273,56,5,6,7,6,7,7,6,6,6,1,7,7,6,5,6,5,6,6,2,6,6,6,6,6,4,6,6,3,6,7,2,6,6,6,6,5,5,4,6,5,4,5,2,2,2,6,NA,5,5,3,5,3,3,5,3,3,3,5,NA,3,5,5,6,7,4,6,6,7,1,3,1,4,5,5,5,6,5,4,5,2,5,2,5,6,5,5,3,5,3,3,5,3,3,3,5,NA,3,6,6,7,4,6,6,7,1,3,1,4
72,New,Enhancement 2,83,80,NA,62,69,47,57,64,43,7,7,6,7,7,7,7,7,7,7,7,7,4,7,7,7,7,7,6,7,7,7,7,7,NA,NA,NA,NA,NA,NA,NA,NA,NA,NA,NA,NA,6,6,6,5,5,6,5,5,6,5,4,3,6,6,6,6,6,6,6,6,6,6,6,3,2,3,7,7,1,7,1,2,7,2,6,2,1,6,6,2,3,5,6,5,5,6,5,5,3,6,6,6,2,6,6,6,6,6,6,6,2,1,7,7,1,7,1,2,7,2,6,1
73,Standard,Enhancement 1,84,83,83,63,63.27272727,42,67.2,69.6,37,7,7,7,7,7,7,7,7,7,7,7,7,7,7,7,7,7,7,6,7,7,7,7,7,7,7,7,7,7,7,6,7,7,7,7,7,5,6,5,5,5,5,5,4,6,6,6,5,6,4,6,5,5,6,3,6,6,6,NA,5,2,4,6,4,3,6,3,3,6,2,1,2,2,5,6,5,5,5,6,6,6,6,NA,NA,6,6,6,6,5,6,6,5,6,6,6,NA,NA,2,6,4,3,6,2,2,6,2,1,1
74,New,,55,52,50,44,44,55,44,45,55,4,5,6,5,5,4,6,5,4,3,4,4,3,5,4,5,5,4,4,4,4,4,5,5,2,5,5,6,4,4,4,3,4,4,4,5,3,4,3,3,3,5,4,4,4,3,4,4,3,4,3,3,3,5,4,4,4,3,4,4,5,5,5,4,4,5,5,5,4,5,4,4,5,4,4,3,3,3,5,4,3,4,3,4,4,4,4,3,3,4,5,3,4,4,3,4,4,5,5,4,4,5,5,5,4,5,4,4
75,New,Enhancement 1,83,82,82,60,60,34,60,61.5,31,7,7,7,6,7,7,7,7,7,7,7,7,7,7,7,7,7,7,5,7,7,7,7,7,7,7,7,7,7,7,6,7,7,7,7,6,6,6,5,4,6,5,5,NA,3,6,NA,4,6,6,4,4,6,5,5,NA,3,6,NA,5,1,1,7,4,1,7,2,2,3,1,2,3,1,6,NA,5,1,6,7,6,NA,3,NA,6,5,NA,6,7,2,NA,7,5,NA,3,NA,6,5,1,7,4,1,7,2,2,2,1,1,2
76,New,Enhancement 1,58,54,61,46,49,48,35,45,46,1,6,7,4,6,7,5,6,7,1,2,6,4,4,5,5,4,6,4,5,4,4,4,5,4,4,7,4,6,5,4,4,5,6,6,6,6,2,5,5,2,5,2,4,4,2,4,5,6,4,5,4,2,5,2,3,4,5,4,5,3,6,5,3,4,5,4,4,5,3,2,4,4,3,3,2,4,2,3,2,4,4,2,4,2,4,3,5,4,4,5,2,3,4,3,4,4,3,4,3,5,5,4,4,5,4,2,3
77,New,Enhancement 1,44,46,NA,40,47,NA,39,53,NA,1,6,3,6,6,6,7,2,1,2,3,1,3,4,2,3,5,4,3,6,5,3,3,5,NA,NA,NA,NA,NA,NA,NA,NA,NA,NA,NA,NA,5,3,2,5,3,2,2,3,4,2,3,6,4,4,6,5,2,3,3,5,6,4,3,2,NA,NA,NA,NA,NA,NA,NA,NA,NA,NA,NA,NA,NA,3,3,2,3,3,2,3,6,4,4,3,3,6,3,6,3,5,4,3,4,5,6,2,6,NA,NA,NA,NA,NA,NA,NA,NA,NA,NA,NA
78,Standard,,79,78,82,57,53,33.81818182,56,53,40,6,4,7,6,7,7,7,7,7,7,7,7,5,7,7,7,7,6,6,7,7,6,7,6,7,7,7,7,6,7,6,7,7,7,7,7,4,3,5,5,4,6,4,5,5,5,6,5,3,4,5,3,5,5,4,5,5,5,5,4,4,2,3,1,NA,3,3,3,4,3,1,4,2,3,4,6,4,4,6,3,5,5,5,6,5,3,4,5,3,5,5,4,5,5,5,5,4,3,6,2,3,6,3,3,5,3,1,3
79,Standard,,73,65,43,32,32,67,29,35,59,1,5,7,7,7,7,7,7,7,4,7,7,7,7,7,5,6,3,1,2,7,7,7,6,5,4,5,3,5,1,1,1,6,1,6,5,2,3,4,1,3,3,3,2,3,3,3,2,2,2,4,2,3,3,2,2,4,3,2,3,6,7,2,6,7,2,5,7,5,6,7,7,7,1,2,2,2,2,3,3,2,4,3,3,2,2,2,4,2,3,3,3,3,6,3,2,2,7,2,5,7,1,1,6,3,6,7,7
80,Standard,,51,50,NA,46,48,NA,46,45,NA,5,2,6,4,5,3,5,5,5,4,4,3,5,4,4,3,5,4,5,4,4,4,4,4,NA,NA,NA,NA,NA,NA,NA,NA,NA,NA,NA,NA,3,3,3,4,3,5,2,4,5,4,5,5,5,3,5,4,4,5,3,3,5,2,4,5,NA,NA,NA,NA,NA,NA,NA,NA,NA,NA,NA,NA,NA,3,3,3,5,3,5,2,4,5,3,5,5,5,3,4,4,3,5,2,2,5,3,4,5,NA,NA,NA,NA,NA,NA,NA,NA,NA,NA,NA
81,Standard,Enhancement 1,80.72727273,81,NA,67.63636364,76.5,NA,69.81818182,76,NA,7,7,7,7,7,NA,7,7,7,4,7,7,6,7,7,6,7,7,6,7,7,7,7,7,NA,NA,NA,NA,NA,NA,NA,NA,NA,NA,NA,NA,6,5,6,6,NA,6,4,6,6,6,5,6,NA,6,7,NA,NA,7,6,6,7,NA,6,6,NA,NA,NA,NA,NA,NA,NA,NA,NA,NA,NA,NA,NA,6,6,6,6,NA,6,6,6,6,6,4,6,NA,6,7,NA,NA,7,6,6,7,6,6,6,NA,NA,NA,NA,NA,NA,NA,NA,NA,NA,NA
82,Standard,Enhancement 2,66,64,NA,39,42,NA,41,42,NA,3,4,7,4,6,5,7,6,7,5,7,5,7,7,6,6,5,3,3,5,5,5,7,5,NA,NA,NA,NA,NA,NA,NA,NA,NA,NA,NA,NA,3,4,3,2,4,3,2,3,4,4,3,4,3,4,4,1,4,4,3,4,4,4,3,4,NA,NA,NA,NA,NA,NA,NA,NA,NA,NA,NA,NA,NA,4,3,4,2,4,3,3,3,4,4,3,4,3,4,4,1,4,4,3,4,4,4,3,4,NA,NA,NA,NA,NA,NA,NA,NA,NA,NA,NA
83,Standard,Enhancement 1,48,48,NA,33,27,NA,27,25,NA,4,3,6,2,4,4,5,4,4,4,4,4,3,5,5,5,3,3,4,4,4,5,4,3,NA,NA,NA,NA,NA,NA,NA,NA,NA,NA,NA,NA,6,3,3,1,3,4,3,1,4,1,3,1,6,2,2,1,2,2,2,1,3,2,2,2,NA,NA,NA,NA,NA,NA,NA,NA,NA,NA,NA,NA,NA,6,3,2,1,3,2,2,1,4,1,1,1,6,2,2,1,1,2,2,1,5,1,1,1,NA,NA,NA,NA,NA,NA,NA,NA,NA,NA,NA
84,Standard,Enhancement 1,81,77,NA,46.66666667,50.18181818,NA,43.63636364,43.2,NA,4,7,7,7,7,7,7,7,7,7,7,7,7,7,7,4,7,7,3,7,7,7,7,7,NA,NA,NA,NA,NA,NA,NA,NA,NA,NA,NA,NA,NA,6,4,4,NA,3,4,4,2,5,3,NA,NA,6,4,3,6,4,4,4,3,5,3,4,NA,NA,NA,NA,NA,NA,NA,NA,NA,NA,NA,NA,NA,NA,6,5,3,6,2,4,2,3,3,3,3,NA,NA,4,3,5,4,3,3,3,4,3,4,NA,NA,NA,NA,NA,NA,NA,NA,NA,NA,NA
85,Standard,Enhancement 2,60,64,67,57,51.27272727,52,56.72727273,56.72727273,57,1,5,5,7,6,6,4,5,6,5,5,5,6,7,6,5,6,5,5,6,6,4,5,3,5,5,6,5,6,7,5,5,6,6,5,6,6,4,6,4,2,7,3,3,6,5,5,6,NA,3,6,4,1,6,3,3,6,5,5,5,3,4,6,5,7,5,5,5,6,2,2,2,3,NA,6,6,4,2,6,4,3,6,5,5,5,NA,4,6,4,1,6,4,5,6,5,5,6,5,6,7,7,5,5,5,6,3,2,3
86,New,Enhancement 1,56,68,58,32,35,49,36,35,49,5,5,5,3,6,4,3,5,5,4,5,6,6,6,7,3,6,4,7,7,7,5,5,5,3,5,5,5,7,4,3,5,5,5,6,5,6,3,2,2,2,3,2,2,2,2,4,2,6,3,3,2,2,3,2,2,3,2,4,3,5,5,2,2,6,3,5,6,3,5,4,3,5,5,5,2,2,2,3,3,2,3,2,4,3,6,3,3,2,2,3,2,2,3,2,4,3,5,3,2,5,3,5,5,3,6,4,3
87,New,Enhancement 1,54,54,54,48,51,55,48,49,50,5,5,4,3,5,5,4,4,5,4,5,5,5,5,6,3,5,3,6,5,5,3,5,3,5,5,5,3,5,4,4,5,4,4,5,5,6,3,3,3,3,5,3,3,6,4,5,4,5,4,5,3,3,4,3,4,6,5,5,4,4,5,4,5,5,5,5,5,6,4,3,4,4,5,5,3,3,3,3,4,3,5,4,5,5,5,4,4,3,3,4,4,3,6,4,5,4,3,4,5,5,4,4,5,6,4,3,3
88,New,,75,78,62,60,55.63636364,39,66,60,43,7,7,7,6,6,7,1,7,7,7,7,6,7,7,7,7,7,7,7,6,6,7,5,5,5,6,7,4,7,7,2,6,6,3,4,5,3,5,5,6,4,7,5,6,4,4,NA,6,3,4,7,5,3,7,4,4,3,6,NA,5,4,4,5,3,2,5,4,2,4,3,1,2,3,3,3,7,6,4,7,6,6,7,NA,NA,6,4,3,7,5,4,7,4,6,5,NA,NA,5,5,7,3,4,6,2,2,5,2,1,3
89,New,,52,47,32,42,50,40,46,49,38,5,4,5,2,4,4,3,4,5,6,6,4,3,4,5,5,5,3,5,3,5,1,4,4,2,3,3,3,2,2,3,3,3,2,3,3,5,3,3,1,2,3,4,4,4,4,5,4,5,5,3,5,3,3,4,4,3,5,5,5,3,3,3,5,3,3,3,3,3,3,3,5,3,5,5,3,2,2,3,4,4,4,4,5,5,5,5,3,5,3,3,4,4,4,4,4,5,3,3,3,5,3,3,3,3,3,3,3
90,Standard,,60,51,66,39,40,59,46.90909091,41.45454545,55,7,6,6,4,4,5,1,5,7,7,7,1,5,2,7,6,5,2,6,5,4,2,5,2,7,6,6,7,6,5,1,5,5,7,7,4,4,4,4,3,1,2,3,2,5,2,6,3,3,3,4,3,1,2,4,3,4,3,6,4,5,6,5,5,7,4,4,5,5,6,1,6,3,6,NA,3,5,1,3,4,4,5,2,6,4,NA,5,2,6,1,2,3,3,4,3,6,3,3,4,6,7,4,5,6,5,6,1,5
91,New,,78,84,NA,66,67,NA,67,65,NA,5,5,7,7,7,7,5,7,7,7,7,7,7,7,7,7,7,7,7,7,7,7,7,7,NA,NA,NA,NA,NA,NA,NA,NA,NA,NA,NA,NA,6,5,4,6,6,4,6,6,6,6,5,6,6,6,4,6,6,4,6,6,6,6,5,6,NA,NA,NA,NA,NA,NA,NA,NA,NA,NA,NA,NA,NA,6,5,5,6,6,5,6,6,6,5,5,6,6,6,2,6,6,4,6,6,6,6,5,6,NA,NA,NA,NA,NA,NA,NA,NA,NA,NA,NA
92,New,Enhancement 1,80,81,78,54,52.8,49,52,45.6,49,7,7,7,7,7,7,3,7,7,7,7,7,7,7,7,7,7,7,7,7,7,4,7,7,7,7,7,7,7,6,2,7,7,7,7,7,6,3,5,4,6,5,4,3,5,6,3,4,NA,3,6,4,NA,6,4,3,6,6,2,4,5,7,5,4,1,5,4,6,2,2,6,2,4,6,2,5,4,6,5,4,3,5,5,3,4,NA,2,6,4,NA,6,4,2,2,6,2,4,5,4,4,1,5,4,6,6,2,6,2
93,Standard,Enhancement 2,80,83,80,59,58,41,58,57,44,5,6,7,7,7,7,6,7,7,7,7,7,7,6,7,7,7,7,7,7,7,7,7,7,6,6,7,7,7,7,5,7,7,7,7,7,5,5,6,4,3,5,5,6,4,6,5,5,4,5,6,4,3,5,5,5,4,6,5,6,2,2,6,4,5,5,3,3,4,2,2,3,3,4,5,6,4,3,6,5,5,4,5,5,6,4,5,6,4,3,6,5,5,4,5,5,5,3,6,4,5,5,4,3,4,3,2,2
94,New,Enhancement 1,38,52,39,20.72727273,24,66,26,36,58,1,4,4,1,5,3,2,4,4,4,4,2,4,4,5,6,5,1,6,4,5,3,5,4,4,4,3,1,4,4,2,3,2,4,4,4,2,2,3,2,1,4,1,1,NA,1,1,1,1,1,4,2,2,4,1,1,2,3,2,1,6,6,2,7,5,2,7,7,3,7,7,7,4,3,2,2,2,2,3,1,1,3,2,1,4,3,1,7,3,4,4,3,2,4,2,1,2,7,1,6,6,2,6,5,4,6,7,4
95,New,Enhancement 2,48,49,51,35,36,54,35,36,55,4,5,5,4,5,3,3,4,3,4,4,4,2,5,5,4,4,3,4,5,5,4,4,4,5,5,5,4,5,4,3,4,4,4,4,4,4,3,3,3,3,3,1,3,4,3,3,2,3,4,3,3,3,3,1,3,3,4,3,3,5,5,3,5,5,3,5,5,4,4,4,6,5,4,3,3,3,3,3,1,3,4,3,3,2,3,4,3,3,3,3,1,3,3,4,3,3,5,3,5,5,3,5,5,5,5,4,5
96,New,,54,47,34.90909091,56,55,54,48,48,41,3,6,5,4,5,5,4,4,4,4,5,5,5,5,3,4,5,4,4,2,3,4,5,3,2,2,NA,3,4,4,1,4,1,3,5,3,6,5,5,6,3,4,4,5,4,4,6,4,4,5,5,5,4,4,6,3,4,4,6,5,4,5,3,5,5,5,3,5,5,6,3,5,3,3,4,3,5,3,3,4,4,4,4,6,5,4,4,3,4,5,3,4,5,2,5,4,5,5,2,2,5,3,4,4,3,4,3,3
97,Standard,Enhancement 2,68,68,65,46,47,51,49,48,50,6,6,6,5,6,6,4,5,6,6,6,6,6,5,6,6,6,6,6,6,6,3,6,6,6,5,6,5,6,5,4,5,5,6,6,6,3,3,5,4,3,5,3,3,5,4,4,4,3,3,5,4,4,5,3,3,5,4,4,4,5,5,5,2,4,5,4,4,5,4,4,4,4,4,5,5,4,3,5,3,3,5,4,4,4,4,3,5,4,4,5,3,3,5,4,4,4,5,5,2,4,5,4,4,5,4,4,4
98,New,Enhancement 1,78,66,78,37.33333333,38.66666667,48,36,38.66666667,55,7,7,7,7,7,7,7,7,7,1,7,7,7,7,7,7,7,1,7,7,7,1,7,1,7,7,7,7,7,7,4,7,7,4,7,7,NA,NA,4,1,1,4,3,4,3,4,NA,4,NA,NA,4,1,1,4,1,4,4,5,NA,5,1,1,1,7,5,1,6,4,7,4,7,4,1,NA,NA,4,1,1,4,3,4,3,3,NA,4,NA,NA,4,1,1,4,1,4,4,5,NA,5,1,2,7,6,2,6,5,7,6,6,6
99,Standard,Enhancement 1,40,54,58,53,53,53,44,52,57,5,4,5,2,4,3,2,3,1,4,5,2,4,4,5,5,6,3,4,5,4,6,4,4,5,5,5,4,5,5,5,4,5,5,6,4,3,4,4,6,5,5,3,5,6,4,5,3,3,6,4,5,3,6,2,5,5,5,5,4,4,3,5,4,5,5,5,5,4,5,3,5,3,2,4,3,4,5,4,3,3,4,5,4,3,5,5,5,4,5,5,3,4,5,3,5,3,5,6,3,3,6,5,5,7,5,4,5
100,Standard,Enhancement 2,48,48,48,43,44,53,45,44,52,4,4,4,4,4,4,4,4,4,4,4,4,4,4,4,4,4,4,4,4,4,4,4,4,4,4,4,4,4,4,4,4,4,4,4,4,4,3,4,4,3,4,4,3,4,3,4,3,3,4,4,4,3,4,4,3,4,3,4,4,4,5,4,4,5,4,5,5,4,4,4,5,4,3,5,4,4,3,4,4,3,4,3,4,4,4,3,4,4,3,4,4,3,4,3,4,4,5,4,4,4,4,5,5,4,4,4,5
101,Standard,Enhancement 2,76,84,NA,56.72727273,56.4,NA,42,61.71428571,NA,6,7,7,6,7,5,5,5,7,7,7,7,7,7,7,7,7,7,7,7,7,7,7,7,NA,NA,NA,NA,NA,NA,NA,NA,NA,NA,NA,NA,6,4,4,6,NA,3,6,5,3,5,5,5,6,6,3,NA,NA,2,6,5,2,6,5,6,NA,NA,NA,NA,NA,NA,NA,NA,NA,NA,NA,NA,NA,4,3,2,6,NA,2,NA,4,2,3,4,5,5,6,4,NA,NA,NA,NA,4,NA,5,6,6,NA,NA,NA,NA,NA,NA,NA,NA,NA,NA,NA
102,New,Enhancement 2,33,26,NA,41,52,NA,33,38,NA,4,4,5,1,1,4,1,1,4,3,4,1,1,1,1,4,4,1,3,3,2,1,4,1,NA,NA,NA,NA,NA,NA,NA,NA,NA,NA,NA,NA,2,4,5,5,1,4,3,1,4,5,3,4,6,6,3,6,5,3,2,5,4,5,3,4,NA,NA,NA,NA,NA,NA,NA,NA,NA,NA,NA,NA,NA,2,4,5,6,2,4,1,1,5,1,1,1,2,3,3,4,4,4,3,1,6,3,3,2,NA,NA,NA,NA,NA,NA,NA,NA,NA,NA,NA
103,New,Enhancement 2,54,51,NA,42,57,NA,51,38,NA,3,4,5,6,6,4,5,5,3,5,3,5,5,4,7,1,6,1,3,7,5,5,5,2,NA,NA,NA,NA,NA,NA,NA,NA,NA,NA,NA,NA,3,5,5,4,3,3,3,2,3,3,5,3,5,5,6,4,5,6,6,3,7,5,1,4,NA,NA,NA,NA,NA,NA,NA,NA,NA,NA,NA,NA,NA,5,5,5,4,5,5,5,3,3,3,5,3,4,1,4,5,2,4,4,3,2,2,4,3,NA,NA,NA,NA,NA,NA,NA,NA,NA,NA,NA
104,New,Enhancement 2,52,59,61,38,47,59,39,45,58,4,7,6,3,4,4,1,4,6,4,4,5,4,4,7,4,6,3,7,6,6,2,6,4,4,7,7,4,6,4,4,4,7,4,6,4,4,3,5,2,2,3,2,2,6,4,3,2,4,4,5,4,3,4,3,3,6,4,3,4,4,4,3,6,6,4,6,6,6,4,5,5,4,4,3,4,2,2,4,2,2,6,4,3,3,4,4,4,3,3,4,3,3,6,4,3,4,4,2,6,6,3,6,6,6,4,6,5
105,New,Enhancement 2,73,79,79,57,63.27272727,44,67.63636364,61.5,40,5,7,7,5,7,6,3,6,6,7,7,7,7,7,7,7,7,7,7,7,7,2,7,7,7,7,7,5,7,7,5,6,7,7,7,7,5,5,5,6,6,5,3,5,3,5,4,5,5,6,5,NA,6,5,5,5,5,6,4,6,3,3,6,3,3,6,4,3,6,2,3,2,1,6,6,6,6,6,5,6,6,5,6,4,NA,NA,4,5,NA,6,5,NA,6,4,6,5,NA,5,6,3,3,6,1,2,6,2,3,2
106,Standard,Enhancement 1,73,81,78,45.6,57,44,51.6,51.6,46,7,6,7,4,7,5,3,6,7,7,7,7,7,4,7,7,7,7,7,7,7,7,7,7,7,7,7,6,7,7,3,6,7,7,7,7,6,4,2,5,3,3,4,NA,NA,4,3,4,6,6,4,4,5,4,5,6,4,4,5,4,2,4,4,3,2,3,4,6,2,4,6,4,2,6,4,2,5,3,3,4,NA,NA,5,6,5,NA,NA,2,6,4,4,5,4,3,6,5,4,4,2,4,6,4,3,5,2,4,6,4
107,New,,69,72,71,55.63636364,59,43,56,61,43,6,5,5,6,6,6,5,6,6,6,6,6,6,6,6,6,6,6,6,6,6,6,6,6,6,6,6,6,6,6,5,6,6,6,6,6,5,5,NA,5,4,5,5,5,4,5,5,3,5,5,6,4,4,5,6,6,4,6,4,4,3,3,5,4,4,5,3,2,4,3,3,4,3,5,5,5,5,4,5,5,5,4,6,4,3,6,6,6,4,4,5,6,6,4,6,4,4,3,5,4,4,5,3,2,4,3,3,4
108,New,,71,72,72,63,67,38,67.63636364,68,34,6,6,6,5,6,6,6,6,6,6,6,6,6,6,6,6,6,6,6,6,6,6,6,6,6,6,6,5,6,7,6,6,6,6,6,6,5,4,5,6,6,4,6,6,4,5,6,6,6,5,5,6,6,4,6,6,5,6,6,6,2,3,6,4,2,5,2,2,5,2,2,3,2,6,6,5,6,6,4,NA,6,5,6,6,6,6,6,5,6,6,4,6,6,5,6,6,6,3,5,1,2,4,2,2,5,3,2,3
109,New,Enhancement 2,69,78,NA,53,60,49,54,57,50,3,1,7,7,7,7,5,7,6,6,7,6,7,6,7,6,7,3,7,7,7,7,7,7,NA,NA,NA,NA,NA,NA,NA,NA,NA,NA,NA,NA,4,4,6,4,6,6,2,3,6,4,5,3,4,4,6,4,5,6,5,4,6,6,5,5,4,3,7,2,2,6,5,4,7,4,3,2,4,4,4,6,4,5,6,4,4,4,3,5,5,4,4,5,4,5,5,6,5,4,6,4,5,3,6,5,4,6,3,5,4,3,4,3
110,New,Enhancement 2,81,83,81,62.66666667,57.33333333,37,62.66666667,57.33333333,34,7,7,7,7,7,7,4,7,7,7,7,7,7,7,7,7,7,7,7,7,7,6,7,7,7,7,7,7,7,7,4,7,7,7,7,7,5,4,5,5,NA,5,6,6,7,NA,NA,4,NA,4,4,5,NA,4,3,6,7,6,NA,4,2,2,1,2,2,4,4,3,6,3,4,4,2,5,4,5,5,NA,5,6,6,7,NA,NA,4,NA,4,4,5,NA,4,3,6,7,6,NA,4,2,1,2,1,4,3,2,6,4,4,3
111,New,Enhancement 1,79,81,75,55,63,48,53,64,48,7,6,7,7,7,7,3,7,7,7,7,7,7,7,7,7,7,7,7,7,7,4,7,7,7,6,7,5,6,7,4,6,7,6,7,7,4,3,6,3,5,6,4,4,6,5,5,4,4,3,6,6,6,7,4,5,7,6,5,4,2,5,6,4,4,6,4,3,6,2,3,3,2,4,3,6,3,5,6,4,4,5,6,3,4,4,3,7,6,6,7,4,5,7,6,5,4,5,6,4,4,6,4,3,6,2,3,3
112,Standard,,71,62,67,46,43.63636364,55,38,41,52,1,7,7,7,6,5,5,7,7,6,6,7,5,6,2,6,7,7,7,6,3,1,6,6,4,4,7,6,6,7,6,7,5,6,4,5,4,5,5,2,4,4,3,4,5,5,3,2,4,5,6,3,4,NA,4,3,6,3,1,1,3,6,4,7,3,4,6,4,4,2,6,6,4,2,2,6,3,2,6,3,4,3,2,2,3,5,3,7,3,3,6,1,2,7,2,1,1,5,3,5,5,5,4,4,5,4,4,4
113,New,,69,76,60,59,59,38,58,60,37.09090909,7,6,7,4,6,7,1,5,7,5,7,7,7,7,7,7,7,5,7,7,7,1,7,7,4,4,6,6,6,7,2,4,6,4,7,4,6,4,5,4,4,5,4,6,5,6,4,6,6,6,5,3,4,5,4,6,5,5,4,6,2,2,5,4,4,5,2,2,4,2,4,2,2,6,4,5,4,4,5,4,6,4,6,4,6,6,5,5,4,4,5,4,6,5,6,4,6,2,NA,5,4,5,2,2,4,2,4,2
114,New,Enhancement 1,35,54,61,26.4,28,60,26.4,28,65,1,4,4,1,4,2,2,2,3,4,4,4,4,3,6,5,4,3,6,5,5,1,6,6,7,7,7,3,6,1,1,4,7,4,7,7,3,4,NA,4,2,NA,2,1,3,1,1,1,2,6,NA,NA,1,NA,1,1,7,1,1,1,6,6,1,6,7,1,2,6,5,6,7,7,7,3,4,NA,4,2,NA,2,1,3,1,1,1,2,6,NA,NA,1,NA,1,1,7,1,1,1,4,1,7,7,1,6,7,6,6,7,6
115,Standard,,69,68,68,48,53,61,51,52,65,5,6,6,6,6,6,4,6,6,6,6,6,4,2,7,7,7,6,7,7,7,1,7,6,6,6,4,5,7,7,3,5,6,7,7,5,3,3,5,5,2,6,2,3,7,4,4,4,3,3,6,4,3,7,3,3,7,6,4,4,5,3,5,5,5,6,6,6,7,5,3,5,5,5,4,3,5,2,6,4,3,7,4,4,4,4,3,6,4,3,6,3,5,7,4,4,3,6,5,5,6,5,5,6,7,5,5,5
116,Standard,,75,82,74,57.6,60,50,57.6,58.8,50,4,7,7,7,7,7,5,6,7,4,7,7,7,6,7,7,7,7,7,6,7,7,7,7,6,7,7,4,7,7,2,6,7,7,7,7,4,2,7,3,6,7,3,6,4,NA,6,NA,5,3,7,3,NA,7,4,NA,5,6,5,NA,2,2,6,6,2,6,6,3,6,3,6,2,2,4,2,7,3,6,7,3,6,4,NA,6,NA,6,3,NA,3,NA,7,4,5,4,6,6,5,2,6,5,2,6,5,5,6,3,5,3
117,New,Enhancement 1,47,51,50,41,36,50,40,36,62.18181818,4,4,4,3,4,4,4,4,4,4,4,4,4,4,7,4,4,4,4,4,4,4,4,4,4,4,4,4,4,6,4,4,4,4,4,4,6,3,4,4,3,4,1,2,5,2,3,4,3,4,4,2,3,3,1,4,2,3,4,3,2,4,5,4,3,6,6,7,4,2,4,3,7,1,3,5,3,4,2,1,4,5,4,6,2,1,3,5,4,3,2,1,NA,4,3,4,3,NA,6,4,3,6,7,7,5,2,4,6
118,New,Enhancement 1,45,47,47,38,52,47,40,47,48,3,4,3,4,4,5,5,3,4,5,3,2,3,4,4,4,3,5,3,3,5,4,4,5,5,4,5,3,3,4,3,5,4,3,4,4,3,3,3,5,2,2,3,5,3,5,1,3,4,4,5,5,4,5,4,5,4,3,4,5,3,3,4,5,4,3,4,5,4,3,4,5,5,3,3,3,5,5,3,4,3,3,4,1,3,3,4,5,5,4,5,3,4,3,4,3,4,4,3,4,5,4,3,4,5,4,3,4
119,Standard,,79,84,79,62.18181818,67,38,65,68,36,4,7,7,7,7,7,5,7,7,7,7,7,7,7,7,7,7,7,7,7,7,7,7,7,5,7,7,6,7,7,5,7,7,7,7,7,NA,4,6,6,3,6,6,6,3,6,5,6,6,5,6,6,4,6,6,6,4,6,6,6,2,2,6,2,5,6,3,2,4,2,2,2,2,6,6,6,6,3,6,6,6,3,6,5,6,6,6,6,6,4,6,6,6,4,6,6,6,2,6,1,5,6,2,2,4,2,2,2
120,New,,70,84,NA,64,61,NA,64,63,NA,4,6,6,6,6,6,6,6,6,6,6,6,7,7,7,7,7,7,7,7,7,7,7,7,NA,NA,NA,NA,NA,NA,NA,NA,NA,NA,NA,NA,4,4,6,6,6,6,6,6,6,6,4,4,4,4,6,6,6,6,5,4,6,6,4,4,NA,NA,NA,NA,NA,NA,NA,NA,NA,NA,NA,NA,NA,4,4,6,6,6,6,6,6,6,6,4,4,4,4,6,6,6,6,5,6,6,6,4,4,NA,NA,NA,NA,NA,NA,NA,NA,NA,NA,NA
121,Standard,Enhancement 2,62,61,59,56,54,51,55,48,52,4,4,6,6,6,5,4,6,5,5,6,5,6,4,5,5,6,5,5,5,6,4,5,5,1,4,7,7,4,7,4,4,4,6,6,5,6,4,3,4,6,5,5,6,5,3,4,5,6,5,4,4,6,5,4,4,6,4,3,3,4,5,6,4,3,5,7,4,4,2,4,3,4,6,3,4,5,6,5,6,3,5,3,4,5,6,5,4,3,3,6,4,5,3,3,3,3,5,7,4,3,6,7,3,4,2,4,3
122,New,Enhancement 2,68,72,NA,55.2,46.66666667,NA,40.8,42.66666667,NA,7,7,1,3,7,7,1,7,7,7,7,7,7,7,1,1,7,7,7,7,7,7,7,7,NA,NA,NA,NA,NA,NA,NA,NA,NA,NA,NA,NA,3,6,7,6,3,7,5,6,NA,NA,1,2,4,3,5,3,2,7,NA,6,NA,4,1,NA,NA,NA,NA,NA,NA,NA,NA,NA,NA,NA,NA,NA,NA,3,2,7,4,3,7,3,2,NA,NA,1,2,2,2,7,NA,4,7,1,3,NA,NA,1,5,NA,NA,NA,NA,NA,NA,NA,NA,NA,NA,NA
123,New,,60,58,39,40.36363636,42.54545455,61,36,43,56.72727273,5,7,4,3,7,3,4,7,7,5,5,3,7,5,6,2,7,7,4,6,3,2,2,7,3,2,4,4,1,6,1,2,1,4,4,7,3,2,7,4,2,4,3,1,NA,4,5,2,3,3,6,3,4,6,3,4,3,1,NA,3,6,6,6,6,6,6,4,3,6,7,1,4,3,2,3,2,1,2,6,3,5,7,2,2,1,4,1,2,4,6,6,1,3,5,1,4,6,4,6,6,3,7,4,5,3,4,7,NA
124,Standard,Enhancement 2,51,65,65,55.63636364,57.6,43,50.18181818,66,37,7,4,4,5,5,5,2,4,3,2,5,5,4,6,7,5,3,7,4,7,6,4,6,6,6,5,5,7,7,6,2,7,6,6,4,4,3,4,3,6,5,2,6,6,4,6,6,NA,4,6,NA,NA,NA,6,NA,NA,4,NA,NA,4,7,7,7,1,2,6,3,2,2,2,2,2,6,4,5,6,NA,6,6,3,3,3,2,2,6,6,6,NA,6,6,5,6,NA,4,NA,5,NA,5,2,2,2,5,2,5,2,2,2,2
125,Standard,Enhancement 2,49,41,42,34.90909091,55,60,44,44,59,4,4,5,4,4,3,3,4,6,3,5,4,4,3,3,3,2,5,3,3,3,5,4,3,4,3,4,4,5,3,3,3,1,4,4,4,6,4,5,3,1,NA,1,1,4,1,4,2,6,4,5,5,4,4,3,5,5,5,4,5,5,6,3,4,7,4,4,7,4,7,4,5,4,6,5,4,3,1,4,4,1,4,4,6,2,3,4,3,3,4,3,3,5,4,5,3,4,6,4,4,7,4,7,6,4,4,4,5
126,New,Enhancement 2,63,60,59,35,43,57,37,43,54,6,6,5,5,7,4,3,6,6,4,7,4,5,4,6,6,6,2,5,6,5,6,6,3,6,6,7,5,6,5,5,4,5,4,5,1,3,2,5,1,5,2,3,3,3,2,4,2,3,3,3,4,3,3,3,5,6,5,3,2,6,5,5,5,6,2,2,6,3,6,5,6,5,3,2,5,2,5,2,3,2,5,2,4,2,3,5,5,3,3,3,3,3,5,4,4,2,5,3,2,6,2,5,6,2,6,6,6
127,Standard,Enhancement 1,62,76,NA,58.90909091,60,NA,57.81818182,58.90909091,NA,4,4,7,4,5,7,3,5,5,4,7,7,6,7,7,6,6,6,7,7,7,5,7,5,NA,NA,NA,NA,NA,NA,NA,NA,NA,NA,NA,NA,6,3,5,4,NA,5,6,5,5,5,5,5,6,4,5,4,NA,5,6,6,5,5,3,6,NA,NA,NA,NA,NA,NA,NA,NA,NA,NA,NA,NA,NA,6,3,5,4,NA,5,5,5,5,5,5,5,6,5,5,4,NA,5,5,5,5,5,3,6,NA,NA,NA,NA,NA,NA,NA,NA,NA,NA,NA
128,Standard,Enhancement 1,62,62,55,33.81818182,32,54,33.6,31,55,7,7,6,7,7,4,1,4,4,4,4,7,6,4,7,5,6,4,7,6,6,1,6,4,7,4,6,4,7,4,2,2,5,4,4,6,3,3,4,1,3,2,3,3,NA,2,4,3,3,3,3,1,2,3,3,3,2,3,2,4,5,5,1,7,6,1,6,6,1,5,7,4,5,3,3,NA,1,3,3,3,2,NA,2,4,4,3,2,3,1,2,3,3,3,2,3,1,5,6,1,7,5,1,6,6,1,6,7,4
129,Standard,Enhancement 1,44.72727273,46,52,52,49,34,53.45454545,48,44.72727273,3,4,4,4,NA,3,4,4,3,3,4,5,3,4,4,4,4,3,3,3,6,3,5,4,4,5,3,5,3,5,5,4,5,4,4,5,4,3,5,5,5,4,5,4,4,5,4,4,6,5,4,5,3,4,3,3,4,5,4,3,2,3,4,3,2,3,2,3,3,4,2,3,4,5,5,NA,5,4,4,4,5,4,5,4,4,5,4,3,4,3,3,6,5,6,3,4,2,3,4,2,NA,3,7,4,4,3,4,3
130,New,Enhancement 2,65,79,NA,42,37,NA,37,37,NA,1,3,7,5,7,6,3,6,7,6,7,7,7,5,7,6,7,7,7,7,7,5,7,7,NA,NA,NA,NA,NA,NA,NA,NA,NA,NA,NA,NA,6,4,5,3,3,4,1,3,4,4,2,3,4,4,4,1,3,4,1,4,4,4,1,3,NA,NA,NA,NA,NA,NA,NA,NA,NA,NA,NA,NA,NA,3,2,4,3,3,4,1,4,4,4,1,4,3,4,4,1,3,4,1,4,4,4,1,4,NA,NA,NA,NA,NA,NA,NA,NA,NA,NA,NA
131,Standard,Enhancement 1,78,83,NA,60,68,NA,67.63636364,68,NA,6,7,7,6,7,7,5,6,7,6,7,7,7,6,7,7,7,7,7,7,7,7,7,7,NA,NA,NA,NA,NA,NA,NA,NA,NA,NA,NA,NA,6,5,4,4,6,4,6,NA,4,5,NA,6,NA,6,5,NA,NA,5,6,6,5,6,6,6,NA,NA,NA,NA,NA,NA,NA,NA,NA,NA,NA,NA,NA,6,6,5,6,6,5,5,6,5,6,NA,6,NA,6,5,NA,NA,5,6,6,5,6,6,6,NA,NA,NA,NA,NA,NA,NA,NA,NA,NA,NA
132,Standard,,60,72,63,60,59,44,61,59,41,4,6,6,5,5,5,4,5,5,5,5,5,6,5,6,7,7,7,7,7,7,4,7,2,3,6,5,5,7,6,5,5,6,5,5,5,6,4,5,4,5,5,5,5,5,5,5,6,5,4,5,4,5,5,5,5,5,5,5,6,3,4,6,3,2,6,5,2,5,2,3,3,3,6,4,5,5,5,5,5,5,5,5,5,6,5,4,5,5,5,5,5,5,5,5,5,5,3,6,3,2,6,3,2,5,2,3,3
133,New,Enhancement 1,60,65,NA,51,57,NA,53,58,NA,5,6,7,4,6,5,3,6,5,2,6,5,4,7,7,5,5,5,7,5,6,4,5,5,NA,NA,NA,NA,NA,NA,NA,NA,NA,NA,NA,NA,5,3,6,4,3,6,3,5,5,6,3,2,5,3,6,4,5,6,4,6,5,6,4,3,NA,NA,NA,NA,NA,NA,NA,NA,NA,NA,NA,NA,NA,5,3,6,4,5,5,4,3,5,6,4,3,5,3,6,5,5,5,5,6,5,6,4,3,NA,NA,NA,NA,NA,NA,NA,NA,NA,NA,NA
134,New,Enhancement 2,79,84,82,47,57,44,45,60,49,7,7,7,7,7,7,2,7,7,7,7,7,7,7,7,7,7,7,7,7,7,7,7,7,7,7,7,7,7,7,5,7,7,7,7,7,3,3,2,4,6,4,5,2,5,4,3,6,6,5,4,5,6,5,5,4,5,5,3,4,3,5,3,2,3,5,4,5,3,4,4,3,2,3,4,5,4,5,4,3,2,5,2,3,5,6,5,4,5,6,4,6,5,4,6,4,5,3,5,3,4,4,5,5,5,5,5,3
135,New,Enhancement 2,35,38,35,38,30,57,36,30,56,6,6,2,1,1,1,1,1,1,1,7,7,1,1,7,1,2,2,7,7,7,1,1,1,6,6,3,1,1,1,1,1,1,1,7,6,3,2,3,4,2,3,3,2,4,3,5,4,3,2,4,2,1,2,2,2,2,2,6,2,6,6,3,6,4,3,6,6,3,6,2,6,6,3,2,4,3,2,3,2,3,3,3,5,3,2,3,4,2,1,2,2,2,2,2,6,2,6,3,3,6,3,6,6,3,6,2,6
136,New,Enhancement 2,71,78,74,55,57,43,55,57,44,4,5,7,6,7,6,5,6,6,6,6,7,6,6,6,7,7,7,7,7,7,4,7,7,4,6,7,4,7,7,4,7,7,7,7,7,5,4,4,5,5,5,4,5,5,5,4,4,5,4,3,5,5,5,5,5,5,5,5,5,2,4,3,4,3,5,3,3,5,3,4,4,3,5,4,4,5,5,5,4,5,5,5,4,4,5,4,3,5,5,5,5,5,5,5,5,5,3,5,3,3,5,3,3,5,3,4,4
137,Standard,Enhancement 1,50,60,NA,56,52,NA,56,54,NA,2,5,6,4,4,6,3,4,4,4,4,4,4,3,7,5,6,4,6,6,5,2,6,6,NA,NA,NA,NA,NA,NA,NA,NA,NA,NA,NA,NA,6,4,6,3,5,6,4,3,5,5,5,4,4,3,6,3,4,6,4,3,5,5,5,4,NA,NA,NA,NA,NA,NA,NA,NA,NA,NA,NA,NA,NA,5,4,6,3,5,6,4,4,5,5,5,4,4,4,6,3,5,6,4,3,5,5,5,4,NA,NA,NA,NA,NA,NA,NA,NA,NA,NA,NA
138,Standard,,67.63636364,57,52,49.2,46,64,41,43,65,1,5,4,NA,6,7,7,7,7,5,7,6,4,3,4,5,4,5,3,6,5,6,6,6,4,7,4,5,6,4,4,4,5,2,3,4,4,5,7,NA,5,NA,1,5,2,3,4,5,5,4,3,4,3,5,1,2,4,5,6,4,7,5,1,7,7,1,7,7,1,7,7,7,7,5,4,2,2,3,4,4,3,5,2,4,3,3,4,5,1,2,6,5,6,3,2,3,3,6,1,7,7,1,7,7,1,7,7,7
139,Standard,Enhancement 1,58,61,NA,58,54,NA,59,54,NA,5,2,5,3,7,7,2,4,6,4,6,7,6,4,6,6,7,5,4,5,7,1,6,4,NA,NA,NA,NA,NA,NA,NA,NA,NA,NA,NA,NA,6,6,6,4,5,3,6,3,4,5,5,5,6,5,6,4,3,5,4,3,4,6,4,4,NA,NA,NA,NA,NA,NA,NA,NA,NA,NA,NA,NA,NA,6,6,6,4,5,3,6,3,4,6,5,5,6,4,6,4,3,6,4,3,4,6,4,4,NA,NA,NA,NA,NA,NA,NA,NA,NA,NA,NA
140,New,Enhancement 2,79,80.72727273,83,65.45454545,64.8,38,67.63636364,63,34,7,7,7,6,7,7,4,6,7,7,7,7,7,7,7,7,7,NA,7,7,7,4,7,7,7,7,7,7,7,7,6,7,7,7,7,7,NA,6,6,4,5,6,6,6,3,6,6,6,NA,6,5,4,4,6,6,6,5,6,6,NA,1,5,6,3,4,6,2,2,5,1,2,1,1,6,5,6,4,6,6,6,6,5,6,6,NA,NA,5,5,5,6,5,6,NA,4,NA,6,NA,2,7,2,3,7,1,2,5,1,2,1
141,Standard,,84,84,81.81818182,57,60,52,61,60,52,7,7,7,7,7,7,7,7,7,7,7,7,7,7,7,7,7,7,7,7,7,7,7,7,7,7,7,6,7,7,6,7,7,7,NA,7,6,3,6,6,6,6,4,4,5,4,4,3,5,6,6,6,6,6,4,4,5,4,4,4,4,5,6,3,3,5,5,5,6,3,2,5,4,6,6,6,6,6,6,4,4,5,4,4,4,5,4,6,6,6,6,4,4,5,4,6,4,5,6,3,2,6,5,4,6,4,2,5
142,New,Enhancement 2,41,38,38,25.2,20.72727273,63,21,18.54545455,59,1,1,4,4,4,4,1,4,3,2,7,6,4,4,7,2,4,1,4,4,4,1,2,1,1,1,4,4,4,4,1,3,4,4,4,4,6,3,NA,1,1,NA,2,1,4,1,1,1,3,3,2,1,1,NA,2,1,2,2,1,1,5,5,1,7,7,2,7,6,4,6,7,6,4,NA,6,NA,1,1,NA,2,1,NA,1,1,1,3,3,NA,1,1,2,1,1,2,1,1,1,4,1,7,7,1,6,7,4,6,7,5
143,Standard,,57,68,NA,49,52,NA,49,51,NA,5,4,6,2,6,4,2,4,6,6,6,6,7,6,7,4,6,6,6,6,6,2,6,6,NA,NA,NA,NA,NA,NA,NA,NA,NA,NA,NA,NA,6,3,4,3,5,5,3,5,4,5,3,3,6,3,5,3,5,5,4,5,4,5,3,4,NA,NA,NA,NA,NA,NA,NA,NA,NA,NA,NA,NA,NA,6,3,4,3,5,5,3,5,4,5,3,3,5,3,5,3,5,5,4,5,4,5,3,4,NA,NA,NA,NA,NA,NA,NA,NA,NA,NA,NA
144,New,Enhancement 1,78,72,NA,49,41,NA,42,42,NA,5,7,7,7,7,7,3,7,7,7,7,7,6,6,6,6,6,6,7,7,7,1,7,7,NA,NA,NA,NA,NA,NA,NA,NA,NA,NA,NA,NA,3,2,7,4,5,6,1,1,5,5,5,5,3,3,5,4,1,5,1,3,3,3,6,4,NA,NA,NA,NA,NA,NA,NA,NA,NA,NA,NA,NA,NA,3,2,5,4,1,5,2,1,5,3,6,5,3,3,7,4,1,5,1,3,2,3,6,4,NA,NA,NA,NA,NA,NA,NA,NA,NA,NA,NA
145,Standard,,56,62,54,52.36363636,54,54,53,54,59,5,6,6,4,5,4,5,4,5,5,5,2,6,5,7,1,6,5,5,7,7,4,6,3,5,4,2,6,4,5,6,4,5,4,5,4,2,3,6,4,4,7,4,2,7,5,NA,4,2,3,7,3,4,6,3,4,7,5,6,4,4,7,5,3,4,5,4,5,7,3,3,4,4,2,3,6,3,4,7,3,5,7,4,5,4,2,3,7,3,4,6,3,4,7,5,6,4,7,5,4,5,4,6,4,5,5,4,6
146,Standard,,78,83,73,67,70.66666667,37,69,71,36,1,7,7,7,7,7,7,7,7,7,7,7,7,7,7,7,7,7,7,7,7,6,7,7,1,5,7,4,7,7,7,7,7,7,7,7,6,4,6,6,6,5,4,6,7,6,6,5,6,4,7,6,6,6,6,NA,7,NA,NA,5,1,4,5,1,1,6,4,3,7,2,1,2,1,6,4,6,6,6,6,5,6,7,6,6,5,6,4,7,6,6,6,6,6,7,6,6,5,4,5,1,1,6,4,2,7,2,1,2
147,Standard,Enhancement 1,66,73,NA,44,42,NA,43,42,NA,5,6,7,6,6,5,5,5,6,4,4,7,7,6,7,6,6,6,7,7,7,2,6,6,NA,NA,NA,NA,NA,NA,NA,NA,NA,NA,NA,NA,4,4,4,4,3,3,4,3,4,4,4,3,4,4,3,4,3,3,4,3,4,3,4,3,NA,NA,NA,NA,NA,NA,NA,NA,NA,NA,NA,NA,NA,4,4,4,4,3,3,4,3,4,3,4,3,4,4,3,4,3,3,4,3,4,3,4,3,NA,NA,NA,NA,NA,NA,NA,NA,NA,NA,NA
148,Standard,Enhancement 2,78,49,78,62.66666667,52,39,64.36363636,53.45454545,39,7,7,7,6,6,6,6,7,6,6,7,7,3,3,4,3,3,5,5,4,7,4,7,1,7,6,7,6,6,7,6,7,7,7,6,6,6,3,5,3,NA,7,5,NA,7,6,NA,5,6,5,4,5,5,4,5,4,3,4,3,4,2,3,2,4,1,6,3,3,7,2,2,4,1,3,6,6,1,NA,7,6,6,7,6,6,5,5,6,5,3,6,6,5,2,3,2,NA,6,3,7,2,2,6,4,2,7,2,2,1
149,New,Enhancement 2,71,81,71,30.54545455,20.4,67,21.6,19.2,67.63636364,1,6,7,7,7,7,1,7,7,7,7,7,7,7,7,7,7,7,7,7,7,4,7,7,1,7,7,7,7,7,2,6,7,7,7,6,1,1,7,1,6,NA,1,2,2,5,1,1,1,1,NA,1,6,NA,1,1,2,2,1,1,7,7,7,7,1,4,7,7,1,6,7,6,7,1,1,NA,1,6,NA,1,2,2,2,1,1,1,1,NA,1,6,NA,1,1,2,1,1,1,7,4,7,6,2,NA,7,1,7,7,7
150,Standard,Enhancement 2,64,80,NA,55,63,50,61,61,45,6,5,6,4,5,6,3,5,6,6,6,6,7,6,7,6,7,7,7,6,7,6,7,7,NA,NA,NA,NA,NA,NA,NA,NA,NA,NA,NA,NA,6,2,6,5,6,5,5,4,3,6,4,3,6,6,6,6,6,5,5,5,3,6,6,3,2,5,6,2,4,5,5,4,5,4,3,5,2,6,5,5,5,5,5,6,6,3,6,6,3,6,6,6,5,5,6,5,6,2,6,6,2,4,5,3,2,5,4,5,3,4,4,4
151,New,Enhancement 2,53,57,59,58,49,40,58,49,38,3,5,7,4,4,6,4,4,4,4,4,4,7,4,6,4,4,4,6,6,4,4,4,4,3,7,7,4,4,7,4,4,4,4,4,7,5,6,4,3,6,6,4,6,3,5,4,6,5,4,4,3,4,5,4,5,3,4,3,5,3,4,5,5,3,4,2,2,4,2,4,2,3,5,6,4,3,6,6,4,6,3,5,4,6,5,4,4,3,4,5,5,4,3,4,3,5,4,4,3,3,4,2,2,4,2,4,3
152,Standard,Enhancement 2,78,82,78,58.8,48,45,61.2,61,45,7,7,7,6,7,7,3,6,7,7,7,7,7,6,7,7,7,7,7,7,7,6,7,7,7,7,7,7,7,7,3,6,7,6,7,7,NA,5,6,4,6,6,4,4,5,NA,3,6,5,4,2,4,5,2,4,5,5,6,4,2,2,2,6,4,2,7,4,3,7,2,4,2,2,NA,6,6,4,6,6,4,5,5,NA,4,5,6,6,6,4,5,6,4,4,6,5,4,5,3,7,4,2,6,4,2,7,2,4,2
153,New,,73,79,NA,60,60,NA,58,56.72727273,NA,5,7,7,3,6,7,5,6,7,6,7,7,7,7,7,7,7,6,7,7,7,4,7,6,NA,NA,NA,NA,NA,NA,NA,NA,NA,NA,NA,NA,5,3,7,4,3,7,3,5,6,6,5,6,5,3,7,4,3,7,5,3,6,6,5,6,NA,NA,NA,NA,NA,NA,NA,NA,NA,NA,NA,NA,NA,5,3,7,4,3,7,3,5,6,6,4,5,5,3,7,4,3,7,NA,5,5,2,5,6,NA,NA,NA,NA,NA,NA,NA,NA,NA,NA,NA
154,Standard,,53,70,64,34.8,26.66666667,27,31.2,25.2,42,7,7,5,4,3,1,1,1,7,6,6,5,4,6,7,7,7,7,4,6,6,4,7,5,6,5,6,7,7,2,1,2,7,7,7,7,3,2,NA,4,2,NA,1,4,3,1,5,4,3,2,NA,4,2,NA,NA,1,3,1,1,3,2,3,3,4,1,1,1,4,1,2,1,4,1,1,1,NA,4,3,NA,1,4,3,3,4,2,1,1,NA,4,2,NA,1,1,4,2,1,4,3,1,3,1,1,7,7,1,7,7,3
155,New,Enhancement 1,57,46,50,33.81818182,40,48,33.81818182,39,50,7,2,6,6,6,6,2,3,2,6,4,7,2,3,5,2,4,2,3,6,6,4,5,4,2,5,5,6,6,5,1,3,3,4,5,5,3,2,2,3,3,2,4,2,4,3,NA,3,3,3,3,3,3,3,3,3,4,3,6,3,5,5,2,5,5,2,5,5,5,5,2,2,5,3,2,2,3,3,2,4,2,4,3,NA,3,3,3,3,3,2,3,3,3,4,3,6,3,5,2,6,6,2,5,5,4,3,2,5
156,New,,80,84,79,69.33333333,69.33333333,31,69,69.6,30,4,7,7,7,7,7,6,7,7,7,7,7,7,7,7,7,7,7,7,7,7,7,7,7,4,6,7,7,7,7,6,7,7,7,7,7,6,6,6,NA,NA,6,5,6,5,NA,6,6,6,6,6,NA,NA,6,5,6,5,NA,6,6,2,2,6,1,1,6,2,2,5,1,1,2,2,6,6,6,NA,NA,6,5,NA,5,NA,6,6,6,6,6,NA,NA,6,5,6,5,6,6,6,2,6,1,1,6,2,1,5,1,1,2
157,Standard,,78,79,81,70.90909091,70.90909091,46,71,70,45,7,7,7,7,6,7,4,6,7,7,7,6,6,6,7,7,7,7,7,7,7,4,7,7,7,7,7,7,7,7,4,7,7,7,7,7,NA,6,6,6,6,6,6,6,6,6,5,6,NA,6,6,6,6,6,6,6,6,6,5,6,2,4,6,6,2,6,3,3,5,2,4,3,2,6,6,6,6,6,6,6,6,6,6,5,6,6,6,6,5,6,6,6,6,6,6,5,6,4,6,6,2,6,3,3,5,3,3,2
158,New,Enhancement 2,59,69,60,40,46,53,40,46,57,4,4,7,4,4,4,3,4,7,4,7,7,7,5,7,4,7,4,7,6,7,3,6,6,4,5,7,4,4,5,2,4,7,4,7,7,4,5,4,1,3,4,4,2,4,3,2,4,4,5,5,1,3,5,4,3,4,5,3,4,3,4,3,6,6,5,5,4,5,3,5,4,3,4,5,4,1,3,4,4,2,4,3,2,4,4,5,5,1,3,5,4,3,4,5,3,4,4,5,5,6,5,5,5,5,5,5,4
159,New,Enhancement 1,81,81,83,69.81818182,70.90909091,36,70.90909091,70.90909091,35,7,7,7,6,7,7,6,7,7,6,7,7,7,6,7,7,7,7,7,7,7,5,7,7,7,7,7,7,7,6,7,7,7,7,7,7,6,6,6,6,6,5,6,6,5,NA,6,6,6,6,6,6,6,6,6,6,5,NA,6,6,2,2,6,2,2,6,3,2,5,1,2,3,1,6,6,6,6,6,6,6,6,5,NA,6,6,6,6,6,6,6,6,6,6,5,NA,6,6,2,6,2,2,6,3,2,5,1,2,3
160,Standard,,12,21,NA,19.2,21,NA,19.2,21,NA,1,1,1,1,1,1,1,1,1,1,1,1,1,1,7,1,1,1,4,1,1,1,1,1,NA,NA,NA,NA,NA,NA,NA,NA,NA,NA,NA,NA,1,1,7,1,1,NA,1,1,NA,1,1,1,1,1,7,1,1,NA,1,1,NA,1,NA,NA,NA,NA,NA,NA,NA,NA,NA,NA,NA,NA,NA,NA,NA,1,1,7,1,1,NA,1,1,NA,1,1,1,1,1,7,1,1,NA,1,1,NA,1,NA,NA,NA,NA,NA,NA,NA,NA,NA,NA,NA,NA,NA
161,New,Enhancement 1,72,79,NA,61.09090909,60,NA,61.09090909,60,NA,4,6,7,6,6,7,5,6,6,6,7,6,7,7,7,7,6,6,7,7,7,5,7,6,NA,NA,NA,NA,NA,NA,NA,NA,NA,NA,NA,NA,6,5,6,2,5,6,4,6,6,NA,5,5,6,5,6,2,5,5,4,6,6,NA,5,5,NA,NA,NA,NA,NA,NA,NA,NA,NA,NA,NA,NA,NA,6,5,6,2,5,6,4,6,6,NA,5,5,6,5,6,2,5,5,4,6,6,NA,5,5,NA,NA,NA,NA,NA,NA,NA,NA,NA,NA,NA
162,Standard,Enhancement 2,77,80,80,53,54,48,51,51,50,7,6,7,6,6,7,5,5,7,7,7,7,7,7,7,7,7,7,7,7,7,3,7,7,7,7,7,7,6,7,5,6,7,7,7,7,6,4,6,4,3,4,4,4,5,4,5,4,6,4,6,4,4,5,4,4,5,4,4,4,1,6,6,3,4,4,5,4,4,3,4,4,2,6,4,5,4,3,4,4,4,5,4,4,4,6,4,5,4,4,4,4,4,4,4,4,4,5,6,4,4,5,4,4,4,4,4,4
163,Standard,Enhancement 1,84,84,NA,30,30,NA,30,30,NA,7,7,7,7,7,7,7,7,7,7,7,7,7,7,7,7,7,7,7,7,7,7,7,7,NA,NA,NA,NA,NA,NA,NA,NA,NA,NA,NA,NA,1,1,7,1,1,7,1,1,7,1,1,1,1,1,7,1,1,7,1,1,7,1,1,1,NA,NA,NA,NA,NA,NA,NA,NA,NA,NA,NA,NA,NA,1,1,7,1,1,7,1,1,7,1,1,1,1,1,7,1,1,7,1,1,7,1,1,1,NA,NA,NA,NA,NA,NA,NA,NA,NA,NA,NA
164,Standard,Enhancement 2,78,82,NA,65.45454545,65.45454545,NA,65.45454545,65.45454545,NA,4,6,6,7,7,7,6,7,7,7,7,7,7,7,7,7,7,7,7,7,7,5,7,7,NA,NA,NA,NA,NA,NA,NA,NA,NA,NA,NA,NA,6,6,6,2,6,6,6,6,6,NA,5,5,6,6,6,2,6,6,6,6,6,NA,5,5,NA,NA,NA,NA,NA,NA,NA,NA,NA,NA,NA,NA,NA,6,6,6,2,6,6,6,6,6,NA,5,5,6,6,6,2,6,6,6,6,6,NA,5,5,NA,NA,NA,NA,NA,NA,NA,NA,NA,NA,NA
165,New,,77,84,NA,72,70.8,NA,73.2,64.36363636,NA,6,7,7,7,7,7,6,7,7,6,6,4,7,7,7,7,7,7,7,7,7,7,7,7,NA,NA,NA,NA,NA,NA,NA,NA,NA,NA,NA,NA,NA,5,6,6,6,7,6,5,7,NA,6,6,NA,6,NA,6,6,5,6,6,7,6,5,6,NA,NA,NA,NA,NA,NA,NA,NA,NA,NA,NA,NA,NA,NA,6,6,6,6,7,6,6,7,NA,6,5,NA,6,4,1,6,6,6,6,7,6,6,5,NA,NA,NA,NA,NA,NA,NA,NA,NA,NA,NA
166,New,Enhancement 2,57,69,NA,27,27,NA,27,27,NA,2,1,4,7,7,5,1,4,6,6,7,7,5,4,7,7,6,4,7,7,7,2,7,6,NA,NA,NA,NA,NA,NA,NA,NA,NA,NA,NA,NA,2,4,2,4,1,2,1,1,5,3,1,1,2,2,3,4,1,2,1,1,5,4,1,1,NA,NA,NA,NA,NA,NA,NA,NA,NA,NA,NA,NA,NA,2,3,2,4,1,2,1,1,5,3,1,2,2,2,3,4,1,3,1,1,5,3,1,1,NA,NA,NA,NA,NA,NA,NA,NA,NA,NA,NA
167,Standard,,79,79,NA,52.8,43.2,NA,42,46.90909091,NA,5,5,7,6,7,7,7,7,7,7,7,7,7,2,7,7,7,7,7,7,7,7,7,7,NA,NA,NA,NA,NA,NA,NA,NA,NA,NA,NA,NA,3,5,5,NA,NA,5,4,4,4,4,6,4,3,3,3,4,NA,2,5,3,6,4,NA,3,NA,NA,NA,NA,NA,NA,NA,NA,NA,NA,NA,NA,NA,3,5,2,NA,NA,2,4,3,3,4,5,4,4,5,3,4,NA,2,4,3,5,4,6,3,NA,NA,NA,NA,NA,NA,NA,NA,NA,NA,NA
168,New,Enhancement 1,45,47,NA,43,54,NA,44,49,NA,1,6,3,3,4,3,1,5,6,3,5,5,4,5,6,2,4,3,6,3,4,5,1,4,NA,NA,NA,NA,NA,NA,NA,NA,NA,NA,NA,NA,4,5,2,3,2,4,3,4,4,3,5,4,5,4,5,4,6,3,4,4,6,4,5,4,NA,NA,NA,NA,NA,NA,NA,NA,NA,NA,NA,NA,NA,5,4,3,4,3,3,3,3,4,3,5,4,4,5,4,3,3,3,2,6,7,4,6,2,NA,NA,NA,NA,NA,NA,NA,NA,NA,NA,NA